date,weather_code,temperature_2m_max,temperature_2m_min,rain_sum,snowfall_sum
2019-09-01,63.0,21.101,15.801,12.5,0.0
2019-09-02,63.0,15.000999,13.151,15.400001,0.0
2019-09-03,2.0,18.151,9.601,0.0,0.0
2019-09-04,1.0,21.101,11.000999,0.0,0.0
2019-09-05,63.0,15.301,10.601,18.800001,0.0
2019-09-06,61.0,13.551,10.051,13.700001,0.0
2019-09-07,61.0,14.051,9.051,8.2,0.0
2019-09-08,63.0,10.500999,8.750999,23.8,0.0
2019-09-09,55.0,13.651,8.301,4.1,0.0
2019-09-10,3.0,16.701,7.9509997,0.0,0.0
2019-09-11,51.0,18.701,9.901,0.70000005,0.0
2019-09-12,2.0,19.651,9.401,0.0,0.0
2019-09-13,1.0,20.851,11.901,0.0,0.0
2019-09-14,2.0,21.001,11.401,0.0,0.0
2019-09-15,1.0,23.001,13.151,0.0,0.0
2019-09-16,51.0,24.201,14.801,0.1,0.0
2019-09-17,51.0,20.351,14.000999,1.1,0.0
2019-09-18,51.0,15.601,8.901,0.2,0.0
2019-09-19,2.0,14.901,7.7009997,0.0,0.0
2019-09-20,1.0,15.451,5.151,0.0,0.0
2019-09-21,1.0,17.801,6.851,0.0,0.0
2019-09-22,51.0,20.801,10.201,0.6,0.0
2019-09-23,63.0,15.201,9.601,13.900001,0.0
2019-09-24,61.0,16.001,7.401,2.8,0.0
2019-09-25,61.0,16.251,9.851,7.7999997,0.0
2019-09-26,61.0,16.651,11.151,9.400002,0.0
2019-09-27,51.0,20.251,12.451,1.6000001,0.0
2019-09-28,63.0,16.001,10.000999,7.1,0.0
2019-09-29,51.0,21.001,8.951,0.2,0.0
2019-09-30,55.0,16.601,9.451,2.0,0.0
2019-10-01,61.0,20.401,8.701,4.6000004,0.0
2019-10-02,63.0,14.701,6.601,16.9,0.0
2019-10-03,51.0,10.601,5.2009997,0.8000001,0.0
2019-10-04,61.0,12.301,3.551,8.0,0.0
2019-10-05,63.0,12.151,8.701,16.1,0.0
2019-10-06,63.0,11.951,7.101,18.7,0.0
2019-10-07,61.0,12.301,5.0509996,3.1999996,0.0
2019-10-08,55.0,17.451,5.001,2.7,0.0
2019-10-09,63.0,14.301,8.051,35.399998,0.0
2019-10-10,51.0,12.551,6.901,0.70000005,0.0
2019-10-11,1.0,15.701,4.151,0.0,0.0
2019-10-12,1.0,20.201,9.701,0.0,0.0
2019-10-13,2.0,21.601,11.701,0.0,0.0
2019-10-14,0.0,19.901,11.750999,0.0,0.0
2019-10-15,63.0,20.101,7.5509996,27.400002,0.0
2019-10-16,53.0,15.401,6.3009996,0.5,0.0
2019-10-17,3.0,17.051,7.501,0.0,0.0
2019-10-18,3.0,16.101,8.601,0.0,0.0
2019-10-19,53.0,13.401,8.051,1.6000001,0.0
2019-10-20,3.0,21.251,8.451,0.0,0.0
2019-10-21,61.0,15.451,10.901,8.399999,0.0
2019-10-22,3.0,14.601,8.451,0.0,0.0
2019-10-23,1.0,19.501,8.601,0.0,0.0
2019-10-24,55.0,16.601,10.701,2.2,0.0
2019-10-25,3.0,15.051,8.101,0.0,0.0
2019-10-26,0.0,17.001,6.401,0.0,0.0
2019-10-27,51.0,18.801,10.201,0.6,0.0
2019-10-28,61.0,11.651,8.051,12.400001,0.0
2019-10-29,61.0,8.051,6.7009997,9.2,0.0
2019-10-30,61.0,7.601,6.101,17.800001,0.0
2019-10-31,55.0,8.851,5.401,2.3,0.0
2019-11-01,53.0,12.101,6.651,1.2,0.0
2019-11-02,55.0,15.651,8.001,2.0,0.0
2019-11-03,61.0,11.250999,7.8009996,10.0,0.0
2019-11-04,63.0,12.901,4.8009996,7.2,0.0
2019-11-05,63.0,8.351,3.951,9.399999,0.0
2019-11-06,53.0,8.301,2.301,1.4000001,0.0
2019-11-07,55.0,9.951,-0.199,3.0,0.0
2019-11-08,61.0,4.4509997,1.701,10.9,0.0
2019-11-09,51.0,5.8009996,-0.94899994,0.6,0.0
2019-11-10,2.0,5.401,-2.049,0.0,0.0
2019-11-11,53.0,4.401,-2.549,3.1000001,0.0
2019-11-12,73.0,5.7009997,0.25100002,3.6,0.42
2019-11-13,71.0,5.401,-1.4990001,0.4,0.14
2019-11-14,3.0,9.351,-2.049,0.0,0.0
2019-11-15,73.0,6.601,1.3510001,3.5000002,0.28
2019-11-16,51.0,6.501,-0.09899998,0.1,0.0
2019-11-17,73.0,3.301,0.25100002,2.2999997,2.94
2019-11-18,51.0,6.751,-0.84900004,0.1,0.0
2019-11-19,51.0,4.151,-0.34899998,0.2,0.0
2019-11-20,3.0,4.651,-0.599,0.0,0.0
2019-11-21,3.0,6.151,-0.749,0.0,0.0
2019-11-22,3.0,4.601,-0.79899997,0.0,0.0
2019-11-23,3.0,12.250999,2.7510002,0.0,0.0
2019-11-24,3.0,11.101,4.401,0.0,0.0
2019-11-25,3.0,8.001,1.8510001,0.0,0.0
2019-11-26,53.0,9.601,3.7510002,1.5,0.0
2019-11-27,61.0,9.951,4.401,3.9999998,0.0
2019-11-28,71.0,9.101,4.2009997,7.2999997,0.07
2019-11-29,73.0,5.351,0.95100003,15.800001,1.33
2019-11-30,73.0,4.601,-0.84900004,0.0,0.28
2019-12-01,71.0,3.651,-1.6989999,0.6,0.14
2019-12-02,73.0,1.6010001,-0.79899997,1.1,1.6800003
2019-12-03,2.0,1.6010001,-2.549,0.0,0.0
2019-12-04,1.0,2.001,-3.649,0.0,0.0
2019-12-05,0.0,5.7009997,-1.799,0.0,0.0
2019-12-06,3.0,8.801,-2.199,0.0,0.0
2019-12-07,55.0,7.251,3.2510002,4.8000007,0.0
2019-12-08,73.0,9.801,1.2509999,1.1999999,0.42000002
2019-12-09,73.0,7.401,1.8010001,6.900001,1.3299999
2019-12-10,73.0,2.701,-3.449,1.3,2.7299998
2019-12-11,73.0,5.001,-2.699,0.0,0.77
2019-12-12,73.0,2.5010002,-2.9989998,0.6,2.1699998
2019-12-13,75.0,4.851,-2.349,0.2,4.9700003
2019-12-14,71.0,8.701,0.25100002,2.0,0.14
2019-12-15,3.0,11.651,2.451,0.0,0.0
2019-12-16,1.0,11.601,2.601,0.0,0.0
2019-12-17,3.0,15.101,4.9509997,0.0,0.0
2019-12-18,51.0,11.301,5.351,0.1,0.0
2019-12-19,2.0,12.601,3.801,0.0,0.0
2019-12-20,63.0,13.750999,4.251,11.7,0.0
2019-12-21,53.0,6.151,0.701,4.2,0.0
2019-12-22,61.0,6.0509996,2.351,5.9,0.0
2019-12-23,73.0,4.8009996,2.301,5.8,0.42000002
2019-12-24,55.0,6.751,1.401,3.3999999,0.0
2019-12-25,71.0,5.251,1.1010001,5.7,0.07
2019-12-26,73.0,3.801,-0.449,0.8,0.21000001
2019-12-27,53.0,4.751,2.5010002,8.799998,0.0
2019-12-28,51.0,3.601,-2.4989998,0.1,0.0
2019-12-29,3.0,2.651,-3.449,0.0,0.0
2019-12-30,0.0,5.351,-2.449,0.0,0.0
2019-12-31,1.0,7.151,-1.3989999,0.0,0.0
2020-01-01,0.0,4.8009996,-2.349,0.0,0.0
2020-01-02,2.0,3.651,-2.199,0.0,0.0
2020-01-03,53.0,8.251,-1.549,1.3,0.0
2020-01-04,73.0,3.951,0.301,5.4,0.48999998
2020-01-05,3.0,3.0010002,-1.599,0.0,0.0
2020-01-06,1.0,5.851,-1.9989998,0.0,0.0
2020-01-07,73.0,4.151,-0.84900004,2.2,0.56
2020-01-08,2.0,6.901,-1.9489999,0.0,0.0
2020-01-09,1.0,9.750999,1.301,0.0,0.0
2020-01-10,51.0,8.351,1.1010001,0.8,0.0
2020-01-11,51.0,4.601,-1.849,0.4,0.0
2020-01-12,1.0,5.4509997,-1.9989998,0.0,0.0
2020-01-13,2.0,5.101,-1.099,0.0,0.0
2020-01-14,2.0,8.301,-1.6989999,0.0,0.0
2020-01-15,1.0,8.601,0.801,0.0,0.0
2020-01-16,1.0,10.051,1.451,0.0,0.0
2020-01-17,55.0,8.551,0.551,2.2,0.0
2020-01-18,71.0,3.951,-1.549,4.499999,0.14
2020-01-19,73.0,0.601,-2.9989998,0.0,1.4000001
2020-01-20,2.0,1.0009999,-4.249,0.0,0.0
2020-01-21,1.0,2.301,-4.849,0.0,0.0
2020-01-22,2.0,4.901,-2.549,0.0,0.0
2020-01-23,2.0,2.601,-3.4989998,0.0,0.0
2020-01-24,2.0,7.4509997,-3.599,0.0,0.0
2020-01-25,51.0,6.4509997,-1.599,0.1,0.0
2020-01-26,3.0,7.0509996,-1.1989999,0.0,0.0
2020-01-27,71.0,7.851,1.0009999,1.3000001,0.07
2020-01-28,73.0,4.251,0.40100002,3.5,3.9200003
2020-01-29,75.0,3.101,0.15100001,1.1999999,5.180001
2020-01-30,53.0,8.951,0.901,2.8000002,0.0
2020-01-31,51.0,12.701,5.0509996,0.1,0.0
2020-02-01,61.0,14.151,5.351,4.8,0.0
2020-02-02,61.0,9.951,6.101,12.700001,0.0
2020-02-03,61.0,12.551,8.951,19.800001,0.0
2020-02-04,75.0,12.801,-0.399,8.400001,6.020001
2020-02-05,73.0,2.351,-3.2489998,0.0,2.66
2020-02-06,1.0,5.0509996,-3.8489997,0.0,0.0
2020-02-07,0.0,5.651,-1.599,0.0,0.0
2020-02-08,2.0,7.8009996,-1.1489999,0.0,0.0
2020-02-09,51.0,10.750999,1.2509999,0.6,0.0
2020-02-10,71.0,10.201,4.251,17.5,0.07
2020-02-11,75.0,7.0509996,1.151,13.100001,4.7600007
2020-02-12,75.0,4.151,0.40100002,0.0,3.01
2020-02-13,75.0,9.601,-2.049,5.9000006,2.3799999
2020-02-14,75.0,6.001,1.6010001,2.8,1.47
2020-02-15,1.0,10.201,0.451,0.0,0.0
2020-02-16,3.0,14.701,4.5509996,0.0,0.0
2020-02-17,55.0,13.351,4.601,4.9000006,0.0
2020-02-18,53.0,7.101,1.951,1.6999999,0.0
2020-02-19,73.0,4.5509996,0.95100003,1.3,0.77
2020-02-20,3.0,9.051,0.0010000169,0.0,0.0
2020-02-21,53.0,6.751,0.50100005,2.3,0.0
2020-02-22,2.0,15.051,-1.349,0.0,0.0
2020-02-23,51.0,14.451,6.351,0.8000001,0.0
2020-02-24,61.0,14.901,7.401,6.0000005,0.0
2020-02-25,71.0,11.451,3.651,4.3,0.14
2020-02-26,75.0,3.801,-2.049,0.9000001,4.83
2020-02-27,73.0,4.051,-1.4489999,0.30000004,3.5
2020-02-28,73.0,5.5509996,-1.4990001,0.0,0.84
2020-02-29,51.0,11.951,2.951,1.1,0.0
2020-03-01,61.0,10.401,3.301,7.0,0.0
2020-03-02,53.0,9.500999,0.201,3.4,0.0
2020-03-03,73.0,5.0509996,-0.999,3.0,1.8900001
2020-03-04,71.0,6.751,-1.299,0.0,0.07
2020-03-05,55.0,6.2009997,1.8010001,3.2999997,0.0
2020-03-06,73.0,6.251,1.5009999,2.0,2.45
2020-03-07,73.0,5.251,-1.6989999,1.4000002,1.05
2020-03-08,3.0,8.551,-1.799,0.0,0.0
2020-03-09,55.0,6.7009997,1.7509999,5.9999995,0.0
2020-03-10,73.0,8.500999,1.3510001,7.0,0.63
2020-03-11,51.0,13.701,7.2009997,0.1,0.0
2020-03-12,53.0,14.701,6.5509996,2.9,0.0
2020-03-13,53.0,7.651,1.201,4.6,0.0
2020-03-14,2.0,7.401,0.0010000169,0.0,0.0
2020-03-15,1.0,12.151,-1.1489999,0.0,0.0
2020-03-16,1.0,14.000999,2.551,0.0,0.0
2020-03-17,3.0,13.901,5.5509996,0.0,0.0
2020-03-18,0.0,15.000999,5.351,0.0,0.0
2020-03-19,0.0,15.750999,5.251,0.0,0.0
2020-03-20,61.0,15.651,6.7009997,3.4999998,0.0
2020-03-21,51.0,10.601,2.951,1.1,0.0
2020-03-22,3.0,6.7009997,-2.549,0.0,0.0
2020-03-23,0.0,5.351,-4.349,0.0,0.0
2020-03-24,0.0,5.001,-5.399,0.0,0.0
2020-03-25,3.0,4.9509997,-4.249,0.0,0.0
2020-03-26,2.0,5.251,-3.9989998,0.0,0.0
2020-03-27,1.0,9.101,-3.099,0.0,0.0
2020-03-28,1.0,12.051,2.401,0.0,0.0
2020-03-29,75.0,7.501,1.051,4.799999,5.18
2020-03-30,73.0,2.151,-1.9489999,0.0,2.5900002
2020-03-31,1.0,5.601,-3.7489998,0.0,0.0
2020-04-01,0.0,7.101,-4.7990003,0.0,0.0
2020-04-02,1.0,10.250999,-1.4990001,0.0,0.0
2020-04-03,3.0,9.250999,1.401,0.0,0.0
2020-04-04,1.0,12.201,0.701,0.0,0.0
2020-04-05,0.0,14.750999,2.201,0.0,0.0
2020-04-06,0.0,16.801,4.051,0.0,0.0
2020-04-07,0.0,18.701,6.001,0.0,0.0
2020-04-08,51.0,17.901,7.4509997,0.2,0.0
2020-04-09,0.0,18.351,7.901,0.0,0.0
2020-04-10,0.0,18.651,7.651,0.0,0.0
2020-04-11,0.0,18.701,8.101,0.0,0.0
2020-04-12,53.0,20.001,9.051,0.70000005,0.0
2020-04-13,61.0,17.701,5.351,7.0,0.0
2020-04-14,51.0,7.401,1.5009999,0.4,0.0
2020-04-15,1.0,15.101,-0.048999995,0.0,0.0
2020-04-16,1.0,18.051,5.851,0.0,0.0
2020-04-17,2.0,19.501,10.551,0.0,0.0
2020-04-18,53.0,20.501,10.750999,2.3,0.0
2020-04-19,2.0,18.951,9.101,0.0,0.0
2020-04-20,51.0,14.701,8.651,0.8000001,0.0
2020-04-21,1.0,17.951,7.101,0.0,0.0
2020-04-22,0.0,19.051,6.4509997,0.0,0.0
2020-04-23,0.0,17.401,7.101,0.0,0.0
2020-04-24,3.0,19.751,8.451,0.0,0.0
2020-04-25,61.0,18.351,9.401,2.4999998,0.0
2020-04-26,53.0,17.501,8.001,0.90000004,0.0
2020-04-27,51.0,18.301,9.201,0.6,0.0
2020-04-28,55.0,13.701,8.901,5.4999995,0.0
2020-04-29,61.0,13.151,7.251,10.499999,0.0
2020-04-30,63.0,14.201,6.3009996,10.299999,0.0
2020-05-01,61.0,12.601,7.251,11.300001,0.0
2020-05-02,63.0,13.451,5.251,18.7,0.0
2020-05-03,51.0,13.801,3.601,0.6,0.0
2020-05-04,53.0,18.001,8.101,3.0999997,0.0
2020-05-05,61.0,11.351,9.101,16.1,0.0
2020-05-06,53.0,13.101,6.101,1.8000002,0.0
2020-05-07,1.0,17.501,4.2009997,0.0,0.0
2020-05-08,2.0,20.701,8.750999,0.0,0.0
2020-05-09,63.0,20.901,12.451,12.200001,0.0
2020-05-10,53.0,19.951,12.201,1.4,0.0
2020-05-11,71.0,18.451,2.901,11.899999,0.07
2020-05-12,73.0,9.151,2.051,3.3,0.49
2020-05-13,61.0,11.151,5.9509997,9.600001,0.0
2020-05-14,53.0,10.051,6.7009997,5.799999,0.0
2020-05-15,61.0,9.951,5.851,11.000002,0.0
2020-05-16,61.0,15.051,4.301,2.3,0.0
2020-05-17,1.0,18.051,6.851,0.0,0.0
2020-05-18,1.0,19.951,8.500999,0.0,0.0
2020-05-19,51.0,20.351,10.000999,0.1,0.0
2020-05-20,51.0,19.251,11.851,0.6,0.0
2020-05-21,1.0,21.201,10.701,0.0,0.0
2020-05-22,3.0,22.501,13.051,0.0,0.0
2020-05-23,63.0,22.851,9.051,24.1,0.0
2020-05-24,51.0,15.851,6.251,0.4,0.0
2020-05-25,51.0,15.250999,7.851,0.1,0.0
2020-05-26,3.0,16.851,8.151,0.0,0.0
2020-05-27,1.0,18.901,7.3009996,0.0,0.0
2020-05-28,51.0,18.001,9.301,0.3,0.0
2020-05-29,1.0,16.401,7.151,0.0,0.0
2020-05-30,3.0,16.751,7.101,0.0,0.0
2020-05-31,1.0,17.101,6.9509997,0.0,0.0
2020-06-01,0.0,21.151,8.701,0.0,0.0
2020-06-02,1.0,21.901,10.451,0.0,0.0
2020-06-03,63.0,23.501,11.451,9.4,0.0
2020-06-04,63.0,15.000999,10.401,22.800001,0.0
2020-06-05,53.0,14.701,9.301,3.1999996,0.0
2020-06-06,61.0,18.351,10.651,6.8,0.0
2020-06-07,63.0,11.051,6.4509997,18.5,0.0
2020-06-08,53.0,16.301,8.151,2.9,0.0
2020-06-09,61.0,13.651,9.701,8.999999,0.0
2020-06-10,63.0,14.750999,10.651,21.499998,0.0
2020-06-11,63.0,16.201,9.901,20.2,0.0
2020-06-12,0.0,24.601,9.000999,0.0,0.0
2020-06-13,61.0,21.351,10.750999,4.7999997,0.0
2020-06-14,61.0,14.151,11.401,9.900001,0.0
2020-06-15,51.0,16.651,12.151,1.1000001,0.0
2020-06-16,53.0,16.651,11.551,1.3000001,0.0
2020-06-17,61.0,15.801,11.101,3.0999997,0.0
2020-06-18,55.0,18.451,8.351,3.9,0.0
2020-06-19,55.0,15.250999,10.051,6.2000003,0.0
2020-06-20,53.0,17.551,8.801,1.5000001,0.0
2020-06-21,51.0,19.851,11.051,1.5000002,0.0
2020-06-22,53.0,20.901,13.401,1.0000001,0.0
2020-06-23,1.0,22.901,12.500999,0.0,0.0
2020-06-24,0.0,23.351,13.601,0.0,0.0
2020-06-25,1.0,23.151,13.351,0.0,0.0
2020-06-26,63.0,25.301,15.101,12.300001,0.0
2020-06-27,63.0,24.451,15.500999,9.900001,0.0
2020-06-28,61.0,22.851,16.451,7.3,0.0
2020-06-29,63.0,19.951,13.651,16.300003,0.0
2020-06-30,3.0,22.251,12.551,0.0,0.0
2020-07-01,61.0,24.951,14.750999,4.3,0.0
2020-07-02,65.0,22.851,13.801,23.100002,0.0
2020-07-03,61.0,17.351,12.801,5.7000003,0.0
2020-07-04,51.0,21.751,11.651,0.3,0.0
2020-07-05,1.0,24.851,13.500999,0.0,0.0
2020-07-06,55.0,19.951,11.801,3.8,0.0
2020-07-07,1.0,19.051,9.951,0.0,0.0
2020-07-08,1.0,23.301,10.601,0.0,0.0
2020-07-09,1.0,26.551,12.250999,0.0,0.0
2020-07-10,63.0,27.151,16.001,9.1,0.0
2020-07-11,61.0,17.351,12.151,19.100004,0.0
2020-07-12,1.0,20.101,10.500999,0.0,0.0
2020-07-13,1.0,20.701,11.101,0.0,0.0
2020-07-14,51.0,21.401,13.151,0.70000005,0.0
2020-07-15,61.0,18.051,13.101,6.1999993,0.0
2020-07-16,61.0,15.250999,13.051,12.0,0.0
2020-07-17,61.0,16.651,12.750999,8.900001,0.0
2020-07-18,51.0,20.051,12.651,0.6,0.0
2020-07-19,2.0,22.951,12.701,0.0,0.0
2020-07-20,51.0,25.251,13.351,0.2,0.0
2020-07-21,63.0,25.201,15.250999,17.5,0.0
2020-07-22,63.0,23.651,15.951,14.700001,0.0
2020-07-23,63.0,23.551,13.901,4.1,0.0
2020-07-24,61.0,20.451,14.250999,7.5999994,0.0
2020-07-25,51.0,23.301,12.901,0.2,0.0
2020-07-26,53.0,23.101,15.250999,4.2999997,0.0
2020-07-27,51.0,25.401,14.201,0.4,0.0
2020-07-28,63.0,27.901,18.651,6.4,0.0
2020-07-29,53.0,23.551,15.401,2.7999997,0.0
2020-07-30,1.0,26.751,16.501,0.0,0.0
2020-07-31,53.0,28.601,19.901,1.8,0.0
2020-08-01,55.0,28.651,20.451,1.4,0.0
2020-08-02,63.0,23.151,16.101,27.8,0.0
2020-08-03,63.0,17.501,12.000999,35.0,0.0
2020-08-04,63.0,14.500999,9.951,24.1,0.0
2020-08-05,3.0,20.051,9.851,0.0,0.0
2020-08-06,1.0,23.251,11.000999,0.0,0.0
2020-08-07,0.0,25.451,14.851,0.0,0.0
2020-08-08,0.0,25.801,15.750999,0.0,0.0
2020-08-09,1.0,26.751,16.551,0.0,0.0
2020-08-10,51.0,27.301,18.201,0.1,0.0
2020-08-11,55.0,27.551,19.101,2.2,0.0
2020-08-12,53.0,27.201,18.651,0.70000005,0.0
2020-08-13,63.0,24.501,16.201,10.6,0.0
2020-08-14,53.0,21.251,15.451,1.7,0.0
2020-08-15,51.0,23.401,14.601,0.70000005,0.0
2020-08-16,55.0,24.451,16.851,2.3,0.0
2020-08-17,61.0,20.701,15.000999,10.100002,0.0
2020-08-18,63.0,21.201,14.101,10.1,0.0
2020-08-19,61.0,22.451,13.351,2.5999997,0.0
2020-08-20,53.0,27.101,16.951,1.3000001,0.0
2020-08-21,2.0,29.001,17.751,0.0,0.0
2020-08-22,61.0,20.851,17.351,8.3,0.0
2020-08-23,51.0,19.851,14.401,2.2,0.0
2020-08-24,51.0,19.501,13.351,0.2,0.0
2020-08-25,2.0,21.401,9.701,0.0,0.0
2020-08-26,3.0,23.851,14.451,0.0,0.0
2020-08-27,3.0,20.801,10.851,0.0,0.0
2020-08-28,63.0,22.701,14.701,24.000002,0.0
2020-08-29,63.0,13.951,11.801,40.299995,0.0
2020-08-30,63.0,12.701,9.750999,59.999996,0.0
2020-08-31,51.0,15.851,8.801,1.2,0.0
2020-09-01,63.0,14.801,9.750999,15.700002,0.0
2020-09-02,51.0,16.051,9.101,1.2000002,0.0
2020-09-03,51.0,19.651,9.601,0.70000005,0.0
2020-09-04,1.0,22.551,12.201,0.0,0.0
2020-09-05,53.0,24.151,14.951,2.5,0.0
2020-09-06,63.0,15.500999,12.401,22.9,0.0
2020-09-07,53.0,16.251,10.801,2.2000003,0.0
2020-09-08,0.0,18.801,8.801,0.0,0.0
2020-09-09,1.0,21.451,11.701,0.0,0.0
2020-09-10,1.0,21.151,12.651,0.0,0.0
2020-09-11,53.0,20.801,13.051,0.90000004,0.0
2020-09-12,51.0,22.451,14.151,0.90000004,0.0
2020-09-13,1.0,23.151,13.351,0.0,0.0
2020-09-14,1.0,24.351,14.201,0.0,0.0
2020-09-15,1.0,25.101,16.201,0.0,0.0
2020-09-16,2.0,24.251,16.451,0.0,0.0
2020-09-17,51.0,22.251,14.601,0.1,0.0
2020-09-18,3.0,20.251,12.051,0.0,0.0
2020-09-19,51.0,20.751,12.601,0.1,0.0
2020-09-20,53.0,20.601,12.851,0.9,0.0
2020-09-21,51.0,19.601,13.951,0.5,0.0
2020-09-22,63.0,20.451,13.101,8.900001,0.0
2020-09-23,61.0,18.651,12.750999,3.4999998,0.0
2020-09-24,63.0,18.751,12.151,15.4,0.0
2020-09-25,61.0,12.851,5.751,11.200001,0.0
2020-09-26,53.0,8.401,4.8009996,7.399999,0.0
2020-09-27,51.0,11.401,3.901,0.1,0.0
2020-09-28,51.0,11.601,5.851,0.6,0.0
2020-09-29,55.0,12.000999,8.351,4.3,0.0
2020-09-30,3.0,15.351,6.351,0.0,0.0
2020-10-01,55.0,17.101,8.251,3.2,0.0
2020-10-02,61.0,17.751,8.851,7.3999996,0.0
2020-10-03,63.0,14.801,5.2009997,19.4,0.0
2020-10-04,55.0,13.551,4.901,6.2000003,0.0
2020-10-05,61.0,12.851,6.901,6.6,0.0
2020-10-06,63.0,13.901,8.001,8.7,0.0
2020-10-07,53.0,11.750999,7.7009997,4.8999996,0.0
2020-10-08,51.0,16.001,7.601,0.1,0.0
2020-10-09,3.0,16.701,9.101,0.0,0.0
2020-10-10,61.0,12.250999,6.5509996,8.699999,0.0
2020-10-11,61.0,8.401,4.8009996,11.2,0.0
2020-10-12,53.0,7.001,3.201,2.6999998,0.0
2020-10-13,3.0,8.551,1.6010001,0.0,0.0
2020-10-14,3.0,8.401,1.301,0.0,0.0
2020-10-15,53.0,6.401,3.801,5.1,0.0
2020-10-16,53.0,7.2009997,5.151,9.0,0.0
2020-10-17,53.0,7.651,5.0509996,1.7000002,0.0
2020-10-18,51.0,8.401,4.9509997,1.1000001,0.0
2020-10-19,2.0,10.250999,2.951,0.0,0.0
2020-10-20,1.0,15.451,3.101,0.0,0.0
2020-10-21,3.0,18.201,9.651,0.0,0.0
2020-10-22,3.0,18.101,8.651,0.0,0.0
2020-10-23,61.0,14.151,10.051,11.3,0.0
2020-10-24,53.0,13.101,7.0509996,3.5999997,0.0
2020-10-25,1.0,15.750999,4.651,0.0,0.0
2020-10-26,63.0,10.551,3.301,24.699997,0.0
2020-10-27,51.0,9.351,2.301,0.5,0.0
2020-10-28,61.0,12.401,4.051,3.0,0.0
2020-10-29,61.0,10.750999,7.851,10.499999,0.0
2020-10-30,53.0,15.000999,6.351,0.7,0.0
2020-10-31,1.0,14.151,4.651,0.0,0.0
2020-11-01,55.0,14.851,9.101,2.1000001,0.0
2020-11-02,61.0,19.701,11.551,2.7,0.0
2020-11-03,61.0,14.551,7.351,10.300001,0.0
2020-11-04,61.0,7.601,5.401,9.3,0.0
2020-11-05,3.0,8.001,5.8009996,0.0,0.0
2020-11-06,3.0,9.250999,2.801,0.0,0.0
2020-11-07,1.0,11.750999,3.551,0.0,0.0
2020-11-08,2.0,14.000999,5.2009997,0.0,0.0
2020-11-09,0.0,12.101,4.051,0.0,0.0
2020-11-10,3.0,10.051,3.651,0.0,0.0
2020-11-11,2.0,9.500999,4.351,0.0,0.0
2020-11-12,3.0,13.101,4.251,0.0,0.0
2020-11-13,3.0,12.551,5.0509996,0.0,0.0
2020-11-14,3.0,13.250999,5.9509997,0.0,0.0
2020-11-15,3.0,13.101,4.8009996,0.0,0.0
2020-11-16,53.0,10.101,6.751,3.0,0.0
2020-11-17,3.0,10.301,4.4509997,0.0,0.0
2020-11-18,0.0,11.101,3.051,0.0,0.0
2020-11-19,61.0,11.601,3.5010002,6.9999995,0.0
2020-11-20,71.0,3.801,-1.299,4.7000003,0.21000001
2020-11-21,2.0,4.051,-2.9989998,0.0,0.0
2020-11-22,3.0,5.101,-0.999,0.0,0.0
2020-11-23,3.0,6.7009997,-0.599,0.0,0.0
2020-11-24,0.0,4.901,-1.349,0.0,0.0
2020-11-25,1.0,4.8009996,-0.899,0.0,0.0
2020-11-26,2.0,6.751,-1.9489999,0.0,0.0
2020-11-27,0.0,6.7009997,-1.599,0.0,0.0
2020-11-28,3.0,3.051,-2.199,0.0,0.0
2020-11-29,3.0,0.051,-3.599,0.0,0.0
2020-11-30,3.0,0.95100003,-3.7489998,0.0,0.0
2020-12-01,73.0,1.901,-2.949,0.20000005,3.9899998
2020-12-02,73.0,0.701,-1.849,0.0,2.03
2020-12-03,3.0,2.551,-3.049,0.0,0.0
2020-12-04,71.0,8.951,-0.69899994,1.2,0.28
2020-12-05,75.0,2.251,-0.449,0.49999997,8.4
2020-12-06,75.0,1.201,-0.79899997,0.0,14.210001
2020-12-07,73.0,1.7509999,-5.649,0.099999994,3.1499999
2020-12-08,73.0,2.801,-6.499,0.1,1.05
2020-12-09,75.0,0.601,-1.1489999,0.0,5.11
2020-12-10,3.0,0.801,-6.849,0.0,0.0
2020-12-11,3.0,1.7509999,-6.999,0.0,0.0
2020-12-12,71.0,3.651,-2.149,4.4999995,0.35
2020-12-13,71.0,4.501,-0.499,1.2,0.14
2020-12-14,3.0,7.0509996,-2.199,0.0,0.0
2020-12-15,51.0,8.001,0.801,0.4,0.0
2020-12-16,53.0,7.351,0.75100005,0.9,0.0
2020-12-17,2.0,7.851,-0.14899999,0.0,0.0
2020-12-18,53.0,7.8009996,0.451,0.5,0.0
2020-12-19,1.0,8.401,-0.24900001,0.0,0.0
2020-12-20,51.0,6.9509997,0.051,1.0,0.0
2020-12-21,61.0,6.001,0.351,5.0,0.0
2020-12-22,53.0,12.651,5.8009996,1.5999999,0.0
2020-12-23,53.0,13.201,5.4509997,1.4,0.0
2020-12-24,63.0,8.151,2.551,19.9,0.0
2020-12-25,75.0,2.551,-2.099,0.50000006,8.68
2020-12-26,71.0,-0.599,-5.9490004,0.0,0.14
2020-12-27,3.0,2.901,-7.799,0.0,0.0
2020-12-28,73.0,2.701,-2.849,0.40000004,1.54
2020-12-29,71.0,4.401,-3.8489997,0.0,0.14
2020-12-30,73.0,2.551,-3.399,0.20000002,0.63
2020-12-31,71.0,2.601,-4.5490003,0.0,0.07
2021-01-01,71.0,1.8510001,-2.699,0.0,0.07
2021-01-02,71.0,0.25100002,-2.149,0.0,0.7
2021-01-03,71.0,-0.34899998,-2.699,0.0,0.42
2021-01-04,3.0,-0.749,-4.399,0.0,0.0
2021-01-05,71.0,-1.099,-5.7990003,0.0,0.14
2021-01-06,73.0,-0.199,-2.949,0.0,2.24
2021-01-07,71.0,-0.09899998,-9.549,0.0,0.35
2021-01-08,3.0,-0.048999995,-9.799,0.0,0.0
2021-01-09,2.0,-1.6989999,-12.599,0.0,0.0
2021-01-10,1.0,-2.7489998,-13.599,0.0,0.0
2021-01-11,3.0,-3.049,-12.749001,0.0,0.0
2021-01-12,73.0,1.5510001,-7.7490005,0.39999998,6.6499996
2021-01-13,75.0,2.601,-1.349,3.8000002,7.0699997
2021-01-14,75.0,2.701,-2.4989998,6.1000004,28.489998
2021-01-15,75.0,-1.1489999,-7.349,0.0,10.360002
2021-01-16,73.0,-2.799,-9.749001,0.0,0.21000001
2021-01-17,73.0,0.40100002,-5.099,0.0,8.54
2021-01-18,71.0,0.701,-3.599,0.1,0.7
2021-01-19,3.0,4.851,-7.9990005,0.0,0.0
2021-01-20,2.0,5.351,-2.149,0.0,0.0
2021-01-21,3.0,8.151,0.901,0.0,0.0
2021-01-22,71.0,9.851,1.401,2.3,0.07
2021-01-23,75.0,3.651,-1.099,0.9000001,6.16
2021-01-24,73.0,0.851,-5.1990004,0.0,2.1699998
2021-01-25,73.0,-0.24900001,-5.849,0.10000001,5.1099997
2021-01-26,71.0,-0.749,-5.599,0.0,0.35
2021-01-27,75.0,1.3510001,-9.099,0.1,2.73
2021-01-28,63.0,7.001,1.201,26.500002,0.0
2021-01-29,61.0,7.901,2.951,14.7,0.0
2021-01-30,61.0,5.751,2.351,11.400001,0.0
2021-01-31,73.0,5.8009996,-0.09899998,3.8999996,0.35
2021-02-01,61.0,6.101,0.851,9.3,0.0
2021-02-02,63.0,9.151,4.401,10.6,0.0
2021-02-03,63.0,11.750999,5.001,10.8,0.0
2021-02-04,3.0,9.500999,4.9509997,0.0,0.0
2021-02-05,51.0,11.051,2.301,0.2,0.0
2021-02-06,51.0,9.901,2.151,0.1,0.0
2021-02-07,73.0,6.151,0.801,9.9,2.8
2021-02-08,71.0,4.651,-0.54899997,0.20000002,0.77
2021-02-09,75.0,1.2509999,-1.049,0.0,3.6399999
2021-02-10,73.0,1.8510001,-6.999,0.099999964,5.6
2021-02-11,73.0,-6.7990003,-16.749,0.0,0.90999997
2021-02-12,2.0,-4.499,-12.649,0.0,0.0
2021-02-13,1.0,-5.9490004,-17.599,0.0,0.0
2021-02-14,2.0,-0.199,-18.249,0.0,0.0
2021-02-15,71.0,4.151,-11.699,1.0,0.28
2021-02-16,61.0,10.851,3.401,2.1,0.0
2021-02-17,63.0,9.301,1.301,7.5999994,0.0
2021-02-18,3.0,10.451,0.25100002,0.0,0.0
2021-02-19,3.0,11.401,2.951,0.0,0.0
2021-02-20,1.0,12.801,2.351,0.0,0.0
2021-02-21,0.0,14.151,1.5009999,0.0,0.0
2021-02-22,1.0,16.101,4.751,0.0,0.0
2021-02-23,1.0,14.151,4.9509997,0.0,0.0
2021-02-24,0.0,16.301,5.251,0.0,0.0
2021-02-25,0.0,16.001,4.8009996,0.0,0.0
2021-02-26,53.0,13.151,5.251,1.2,0.0
2021-02-27,53.0,5.651,-1.299,2.2,0.0
2021-02-28,1.0,7.4509997,-2.099,0.0,0.0
2021-03-01,0.0,7.9509997,-1.4489999,0.0,0.0
2021-03-02,1.0,11.101,-0.048999995,0.0,0.0
2021-03-03,2.0,12.151,1.951,0.0,0.0
2021-03-04,61.0,12.051,3.851,5.7,0.0
2021-03-05,71.0,4.7009997,-0.649,9.200002,0.35
2021-03-06,2.0,4.8009996,-1.7489998,0.0,0.0
2021-03-07,51.0,7.151,-1.6489999,1.5,0.0
2021-03-08,51.0,5.5509996,-1.2490001,1.0,0.0
2021-03-09,71.0,4.5509996,-2.149,0.0,0.28
2021-03-10,73.0,7.5509996,-0.999,0.2,0.63
2021-03-11,63.0,14.401,3.551,13.799999,0.0
2021-03-12,73.0,8.500999,1.7509999,4.9,0.35
2021-03-13,73.0,12.551,1.951,6.1,0.49
2021-03-14,75.0,3.851,0.451,0.90000004,7.0700006
2021-03-15,73.0,3.7510002,0.051,1.7000002,5.810001
2021-03-16,73.0,3.0010002,-0.499,0.1,2.4499998
2021-03-17,75.0,2.451,-1.799,0.19999999,8.400002
2021-03-18,73.0,1.8010001,-6.7990003,0.0,1.8900005
2021-03-19,73.0,3.201,-3.9490001,0.0,2.52
2021-03-20,73.0,-0.649,-10.599,0.10000001,1.12
2021-03-21,73.0,1.5009999,-4.999,0.0,2.1
2021-03-22,73.0,1.8010001,-0.84900004,0.0,1.12
2021-03-23,3.0,6.8009996,-0.749,0.0,0.0
2021-03-24,0.0,10.351,0.10100001,0.0,0.0
2021-03-25,51.0,13.601,3.5010002,0.5,0.0
2021-03-26,3.0,13.401,2.101,0.0,0.0
2021-03-27,61.0,8.001,2.301,6.0,0.0
2021-03-28,1.0,12.051,-0.449,0.0,0.0
2021-03-29,1.0,15.651,4.001,0.0,0.0
2021-03-30,1.0,17.901,4.601,0.0,0.0
2021-03-31,1.0,18.451,6.3009996,0.0,0.0
2021-04-01,1.0,19.351,8.500999,0.0,0.0
2021-04-02,3.0,14.901,4.4509997,0.0,0.0
2021-04-03,3.0,5.751,1.5009999,0.0,0.0
2021-04-04,0.0,9.051,0.551,0.0,0.0
2021-04-05,75.0,12.750999,-3.299,1.6000001,7.4199996
2021-04-06,73.0,1.651,-4.099,0.0,3.5000002
2021-04-07,73.0,0.051,-3.9490001,0.0,3.64
2021-04-08,3.0,7.501,-0.649,0.0,0.0
2021-04-09,3.0,12.851,-0.499,0.0,0.0
2021-04-10,3.0,14.051,5.251,0.0,0.0
2021-04-11,3.0,17.101,7.101,0.0,0.0
2021-04-12,75.0,7.751,-0.449,4.8999996,9.099999
2021-04-13,73.0,4.4509997,-1.8989999,0.5,1.5400001
2021-04-14,71.0,5.751,-3.049,0.0,0.14
2021-04-15,71.0,5.151,-1.1989999,0.3,0.21000001
2021-04-16,2.0,6.8009996,-1.4990001,0.0,0.0
2021-04-17,3.0,5.901,-2.099,0.0,0.0
2021-04-18,53.0,6.9509997,0.601,1.4000001,0.0
2021-04-19,51.0,9.451,0.15100001,0.2,0.0
2021-04-20,51.0,11.851,2.201,0.2,0.0
2021-04-21,55.0,13.351,2.301,1.5,0.0
2021-04-22,53.0,12.901,4.001,3.5999994,0.0
2021-04-23,0.0,13.651,2.151,0.0,0.0
2021-04-24,1.0,16.101,3.051,0.0,0.0
2021-04-25,1.0,14.750999,6.351,0.0,0.0
2021-04-26,1.0,14.151,4.601,0.0,0.0
2021-04-27,1.0,15.000999,4.301,0.0,0.0
2021-04-28,63.0,16.101,5.851,6.2999997,0.0
2021-04-29,61.0,11.601,8.401,9.6,0.0
2021-04-30,61.0,15.651,5.901,5.9,0.0
2021-05-01,71.0,9.250999,3.101,19.999998,0.07
2021-05-02,73.0,9.250999,2.801,14.200003,0.77
2021-05-03,51.0,11.351,1.8510001,1.8,0.0
2021-05-04,53.0,15.750999,4.2009997,2.8999999,0.0
2021-05-05,63.0,9.101,2.7510002,12.000003,0.0
2021-05-06,61.0,10.000999,3.851,9.100001,0.0
2021-05-07,61.0,9.000999,2.851,6.7000003,0.0
2021-05-08,3.0,15.801,2.7510002,0.0,0.0
2021-05-09,1.0,24.751,9.000999,0.0,0.0
2021-05-10,51.0,22.851,11.750999,1.1,0.0
2021-05-11,61.0,14.500999,8.251,9.599999,0.0
2021-05-12,53.0,11.000999,6.751,5.5,0.0
2021-05-13,61.0,12.301,5.151,7.8,0.0
2021-05-14,61.0,15.151,2.801,4.3,0.0
2021-05-15,61.0,13.601,4.351,6.4999995,0.0
2021-05-16,63.0,12.601,4.901,13.900001,0.0
2021-05-17,61.0,12.351,6.601,7.5999994,0.0
2021-05-18,61.0,11.801,6.901,10.7,0.0
2021-05-19,61.0,10.750999,5.9509997,7.799999,0.0
2021-05-20,53.0,13.250999,5.751,2.9999998,0.0
2021-05-21,61.0,12.301,6.601,9.6,0.0
2021-05-22,61.0,14.451,5.401,5.1000004,0.0
2021-05-23,55.0,14.051,6.251,4.7,0.0
2021-05-24,61.0,14.201,6.5509996,7.9,0.0
2021-05-25,55.0,12.651,6.251,2.4,0.0
2021-05-26,61.0,13.801,6.351,4.6,0.0
2021-05-27,61.0,11.901,5.7009997,11.700001,0.0
2021-05-28,1.0,16.351,5.751,0.0,0.0
2021-05-29,3.0,15.951,8.351,0.0,0.0
2021-05-30,2.0,15.701,8.451,0.0,0.0
2021-05-31,0.0,18.051,6.101,0.0,0.0
2021-06-01,0.0,19.701,8.651,0.0,0.0
2021-06-02,63.0,21.851,11.051,4.1000004,0.0
2021-06-03,2.0,21.301,12.601,0.0,0.0
2021-06-04,61.0,21.651,13.851,2.3,0.0
2021-06-05,61.0,16.801,11.750999,8.599999,0.0
2021-06-06,61.0,15.651,11.801,17.8,0.0
2021-06-07,63.0,17.801,13.000999,22.500002,0.0
2021-06-08,63.0,19.501,12.250999,12.200001,0.0
2021-06-09,61.0,20.301,12.750999,3.6,0.0
2021-06-10,51.0,21.601,12.151,0.70000005,0.0
2021-06-11,51.0,21.901,13.051,0.1,0.0
2021-06-12,53.0,23.451,14.901,2.4999998,0.0
2021-06-13,53.0,21.101,14.651,2.4,0.0
2021-06-14,0.0,23.401,12.000999,0.0,0.0
2021-06-15,1.0,25.201,14.151,0.0,0.0
2021-06-16,1.0,26.751,16.801,0.0,0.0
2021-06-17,51.0,27.451,17.501,0.5,0.0
2021-06-18,61.0,27.951,18.201,2.1,0.0
2021-06-19,53.0,28.251,18.001,0.8,0.0
2021-06-20,51.0,25.451,18.301,0.2,0.0
2021-06-21,63.0,23.001,15.500999,16.1,0.0
2021-06-22,63.0,20.801,14.401,11.2,0.0
2021-06-23,63.0,21.501,14.301,27.9,0.0
2021-06-24,51.0,19.701,12.750999,3.4,0.0
2021-06-25,51.0,18.001,12.951,1.6000001,0.0
2021-06-26,3.0,20.951,13.500999,0.0,0.0
2021-06-27,2.0,25.101,15.151,0.0,0.0
2021-06-28,53.0,26.301,16.001,2.9,0.0
2021-06-29,63.0,22.651,13.451,11.6,0.0
2021-06-30,63.0,17.801,10.351,17.6,0.0
2021-07-01,61.0,17.301,11.451,9.2,0.0
2021-07-02,51.0,20.601,12.000999,0.9000001,0.0
2021-07-03,61.0,22.451,12.451,5.3,0.0
2021-07-04,61.0,19.901,13.451,9.1,0.0
2021-07-05,51.0,20.351,11.801,0.1,0.0
2021-07-06,63.0,25.251,13.951,23.4,0.0
2021-07-07,61.0,17.501,14.801,13.7,0.0
2021-07-08,63.0,17.101,13.250999,27.099998,0.0
2021-07-09,63.0,19.601,12.500999,10.9000025,0.0
2021-07-10,51.0,22.251,12.301,0.8,0.0
2021-07-11,63.0,20.151,11.601,4.2999997,0.0
2021-07-12,55.0,24.251,12.651,1.2,0.0
2021-07-13,63.0,16.401,12.301,13.6,0.0
2021-07-14,53.0,18.351,11.151,2.6000004,0.0
2021-07-15,63.0,15.851,12.651,28.400003,0.0
2021-07-16,63.0,18.251,12.651,8.4,0.0
2021-07-17,63.0,18.701,13.851,19.4,0.0
2021-07-18,61.0,20.051,15.551,5.899999,0.0
2021-07-19,51.0,23.701,13.101,0.4,0.0
2021-07-20,51.0,22.651,13.901,0.70000005,0.0
2021-07-21,0.0,23.801,13.901,0.0,0.0
2021-07-22,1.0,24.301,15.301,0.0,0.0
2021-07-23,51.0,24.801,14.701,0.3,0.0
2021-07-24,65.0,23.101,16.901,14.900002,0.0
2021-07-25,63.0,19.251,14.201,17.9,0.0
2021-07-26,63.0,21.401,14.851,13.300002,0.0
2021-07-27,55.0,21.701,12.750999,6.7,0.0
2021-07-28,63.0,18.901,14.051,32.1,0.0
2021-07-29,51.0,22.551,13.750999,0.4,0.0
2021-07-30,61.0,25.001,14.801,5.6000004,0.0
2021-07-31,63.0,19.551,14.151,10.0,0.0
2021-08-01,63.0,14.651,11.651,27.5,0.0
2021-08-02,61.0,19.151,9.701,3.2,0.0
2021-08-03,63.0,19.251,10.951,10.799999,0.0
2021-08-04,61.0,15.151,11.801,9.299999,0.0
2021-08-05,63.0,19.551,12.500999,7.1,0.0
2021-08-06,53.0,20.551,11.901,2.0,0.0
2021-08-07,63.0,20.251,12.701,15.6,0.0
2021-08-08,61.0,16.651,11.601,2.2999997,0.0
2021-08-09,51.0,20.101,12.051,0.2,0.0
2021-08-10,1.0,22.801,13.301,0.0,0.0
2021-08-11,53.0,24.251,14.750999,1.9000001,0.0
2021-08-12,2.0,27.101,16.401,0.0,0.0
2021-08-13,51.0,27.601,17.751,0.70000005,0.0
2021-08-14,55.0,27.401,17.651,1.6,0.0
2021-08-15,61.0,27.101,18.851,3.8,0.0
2021-08-16,63.0,19.551,13.401,30.6,0.0
2021-08-17,55.0,17.401,11.451,4.1999993,0.0
2021-08-18,51.0,18.901,12.500999,0.3,0.0
2021-08-19,51.0,19.451,12.201,0.3,0.0
2021-08-20,51.0,21.501,14.451,1.4000001,0.0
2021-08-21,51.0,24.601,14.651,0.2,0.0
2021-08-22,63.0,21.151,14.000999,15.100002,0.0
2021-08-23,53.0,18.801,12.551,2.7,0.0
2021-08-24,51.0,17.401,11.750999,1.2,0.0
2021-08-25,51.0,18.001,10.401,0.1,0.0
2021-08-26,61.0,18.951,10.101,8.099999,0.0
2021-08-27,53.0,15.651,10.151,1.6000001,0.0
2021-08-28,63.0,14.701,8.901,16.400002,0.0
2021-08-29,63.0,13.701,9.201,20.1,0.0
2021-08-30,63.0,14.500999,11.551,16.2,0.0
2021-08-31,61.0,15.701,10.750999,7.699999,0.0
2021-09-01,1.0,18.601,7.5509996,0.0,0.0
2021-09-02,0.0,19.751,9.151,0.0,0.0
2021-09-03,2.0,20.601,10.401,0.0,0.0
2021-09-04,51.0,20.951,12.351,0.4,0.0
2021-09-05,0.0,21.351,12.101,0.0,0.0
2021-09-06,1.0,21.451,12.901,0.0,0.0
2021-09-07,1.0,20.551,12.551,0.0,0.0
2021-09-08,1.0,22.151,12.401,0.0,0.0
2021-09-09,55.0,21.201,14.500999,6.5,0.0
2021-09-10,55.0,20.551,13.651,6.1000004,0.0
2021-09-11,63.0,19.901,13.151,8.800001,0.0
2021-09-12,51.0,19.601,12.250999,0.1,0.0
2021-09-13,51.0,21.401,12.351,0.3,0.0
2021-09-14,2.0,23.601,15.201,0.0,0.0
2021-09-15,63.0,20.401,14.401,7.4,0.0
2021-09-16,53.0,19.301,13.651,4.3999996,0.0
2021-09-17,51.0,16.601,11.651,0.6,0.0
2021-09-18,3.0,17.701,9.601,0.0,0.0
2021-09-19,61.0,14.801,9.851,12.499999,0.0
2021-09-20,51.0,13.801,8.651,1.8000002,0.0
2021-09-21,3.0,15.401,8.101,0.0,0.0
2021-09-22,3.0,15.250999,7.851,0.0,0.0
2021-09-23,1.0,19.101,7.0509996,0.0,0.0
2021-09-24,1.0,19.901,10.500999,0.0,0.0
2021-09-25,51.0,21.001,10.301,0.2,0.0
2021-09-26,61.0,21.451,12.351,9.8,0.0
2021-09-27,51.0,19.551,9.551,0.8000001,0.0
2021-09-28,51.0,14.801,11.651,1.0,0.0
2021-09-29,61.0,17.151,9.750999,8.900001,0.0
2021-09-30,51.0,13.201,6.601,0.1,0.0
2021-10-01,1.0,18.001,6.4509997,0.0,0.0
2021-10-02,53.0,19.501,10.051,1.4000001,0.0
2021-10-03,3.0,22.051,12.750999,0.0,0.0
2021-10-04,61.0,12.301,9.151,5.5999994,0.0
2021-10-05,61.0,13.701,9.801,7.8,0.0
2021-10-06,51.0,10.101,6.751,2.3000002,0.0
2021-10-07,51.0,10.451,5.4509997,2.2,0.0
2021-10-08,3.0,14.351,4.151,0.0,0.0
2021-10-09,3.0,12.351,4.251,0.0,0.0
2021-10-10,3.0,10.051,3.601,0.0,0.0
2021-10-11,3.0,10.551,2.5010002,0.0,0.0
2021-10-12,53.0,8.151,5.351,7.4000006,0.0
2021-10-13,55.0,7.901,2.851,6.7999997,0.0
2021-10-14,3.0,10.051,0.40100002,0.0,0.0
2021-10-15,2.0,13.500999,2.651,0.0,0.0
2021-10-16,1.0,11.851,3.351,0.0,0.0
2021-10-17,1.0,12.701,3.051,0.0,0.0
2021-10-18,2.0,13.851,5.8009996,0.0,0.0
2021-10-19,53.0,16.451,7.4509997,0.6,0.0
2021-10-20,1.0,18.151,11.051,0.0,0.0
2021-10-21,63.0,15.051,6.901,8.4,0.0
2021-10-22,53.0,9.051,3.301,2.0,0.0
2021-10-23,3.0,8.750999,2.151,0.0,0.0
2021-10-24,2.0,10.750999,1.1010001,0.0,0.0
2021-10-25,3.0,11.051,3.801,0.0,0.0
2021-10-26,53.0,11.801,4.9509997,2.5999997,0.0
2021-10-27,1.0,11.601,3.401,0.0,0.0
2021-10-28,1.0,11.851,3.651,0.0,0.0
2021-10-29,3.0,12.351,3.401,0.0,0.0
2021-10-30,61.0,14.801,4.5509996,1.3,0.0
2021-10-31,2.0,18.751,5.751,0.0,0.0
2021-11-01,63.0,11.101,4.351,13.299999,0.0
2021-11-02,73.0,8.251,2.601,3.6999998,0.28
2021-11-03,61.0,8.651,0.901,10.3,0.0
2021-11-04,53.0,5.901,1.0009999,4.6999993,0.0
2021-11-05,73.0,6.651,-0.499,1.7,0.84000003
2021-11-06,1.0,6.351,-1.8989999,0.0,0.0
2021-11-07,51.0,8.601,-1.549,0.1,0.0
2021-11-08,51.0,6.851,3.151,0.90000004,0.0
2021-11-09,2.0,5.9509997,-1.1989999,0.0,0.0
2021-11-10,3.0,10.051,1.5009999,0.0,0.0
2021-11-11,3.0,10.000999,2.451,0.0,0.0
2021-11-12,3.0,8.401,2.251,0.0,0.0
2021-11-13,61.0,7.651,1.5009999,11.3,0.0
2021-11-14,53.0,6.751,3.701,2.2,0.0
2021-11-15,3.0,5.501,0.50100005,0.0,0.0
2021-11-16,3.0,5.501,1.5009999,0.0,0.0
2021-11-17,3.0,4.851,3.2510002,0.0,0.0
2021-11-18,3.0,7.101,1.1010001,0.0,0.0
2021-11-19,3.0,6.651,-0.599,0.0,0.0
2021-11-20,3.0,6.0509996,-0.449,0.0,0.0
2021-11-21,51.0,7.651,-0.09899998,0.6,0.0
2021-11-22,55.0,2.701,1.401,5.799999,0.0
2021-11-23,3.0,3.2510002,-0.24900001,0.0,0.0
2021-11-24,3.0,2.401,-1.8989999,0.0,0.0
2021-11-25,73.0,4.401,-1.549,0.1,0.42000002
2021-11-26,73.0,0.701,-0.449,0.0,2.3799999
2021-11-27,73.0,4.351,-2.149,0.49999997,1.5400002
2021-11-28,71.0,1.5009999,-1.7489998,0.0,1.2600001
2021-11-29,75.0,-0.399,-2.7489998,0.0,5.2499995
2021-11-30,73.0,3.151,-1.9989998,2.1,4.48
2021-12-01,73.0,8.201,0.851,3.5999997,0.35
2021-12-02,75.0,4.251,-1.2490001,4.5,7.0
2021-12-03,75.0,1.5510001,-2.949,0.0,1.26
2021-12-04,73.0,5.401,1.151,31.500002,1.96
2021-12-05,73.0,3.701,-1.599,0.099999994,0.77
2021-12-06,75.0,1.701,-3.099,0.0,3.0099998
2021-12-07,73.0,2.551,-4.099,0.0,2.2400002
2021-12-08,75.0,1.401,-0.09899998,0.100000024,23.939995
2021-12-09,73.0,1.3510001,-5.0490003,0.0,3.0799997
2021-12-10,75.0,1.3510001,-8.549,0.20000002,3.92
2021-12-11,73.0,1.0009999,-0.34899998,0.0,2.8699996
2021-12-12,3.0,3.451,-2.349,0.0,0.0
2021-12-13,3.0,5.851,-0.79899997,0.0,0.0
2021-12-14,3.0,5.2009997,-3.299,0.0,0.0
2021-12-15,3.0,4.001,-2.199,0.0,0.0
2021-12-16,3.0,0.901,-4.649,0.0,0.0
2021-12-17,2.0,2.551,-5.849,0.0,0.0
2021-12-18,1.0,1.3510001,-5.349,0.0,0.0
2021-12-19,2.0,2.001,-6.649,0.0,0.0
2021-12-20,3.0,0.551,-10.449,0.0,0.0
2021-12-21,3.0,-1.799,-10.149,0.0,0.0
2021-12-22,3.0,-0.449,-9.549,0.0,0.0
2021-12-23,51.0,7.8009996,-10.349,0.1,0.0
2021-12-24,75.0,6.251,2.301,30.800001,6.3700004
2021-12-25,71.0,7.351,2.001,38.499996,0.21000001
2021-12-26,63.0,7.001,1.701,11.7,0.0
2021-12-27,55.0,6.8009996,-0.199,2.7,0.0
2021-12-28,71.0,7.601,1.451,15.2,0.35
2021-12-29,63.0,10.000999,5.151,20.500002,0.0
2021-12-30,51.0,13.000999,5.4509997,1.1,0.0
2021-12-31,1.0,12.750999,5.4509997,0.0,0.0
2022-01-01,1.0,13.000999,5.101,0.0,0.0
2022-01-02,51.0,14.000999,4.5509996,0.1,0.0
2022-01-03,51.0,9.601,5.851,0.1,0.0
2022-01-04,61.0,15.151,5.151,8.1,0.0
2022-01-05,75.0,2.701,-3.799,6.9999995,5.7400002
2022-01-06,73.0,0.40100002,-5.399,0.1,1.2600001
2022-01-07,71.0,2.5010002,-6.349,0.0,0.63
2022-01-08,73.0,1.8510001,-2.799,0.0,1.8900001
2022-01-09,75.0,2.401,-3.899,0.0,7.9100003
2022-01-10,75.0,0.451,-2.9989998,0.0,2.2399998
2022-01-11,3.0,1.0009999,-4.6990004,0.0,0.0
2022-01-12,3.0,0.451,-10.149,0.0,0.0
2022-01-13,0.0,1.1010001,-10.299,0.0,0.0
2022-01-14,0.0,3.201,-4.899,0.0,0.0
2022-01-15,2.0,3.451,-5.7990003,0.0,0.0
2022-01-16,3.0,5.5509996,-4.999,0.0,0.0
2022-01-17,73.0,4.9509997,-1.4489999,0.1,0.49
2022-01-18,71.0,2.901,-4.899,0.0,0.07
2022-01-19,71.0,4.401,-4.999,0.0,0.21000001
2022-01-20,73.0,0.95100003,-4.099,0.0,3.29
2022-01-21,71.0,-1.049,-6.149,0.0,0.28
2022-01-22,71.0,0.551,-5.399,0.1,0.7
2022-01-23,2.0,2.851,-7.799,0.0,0.0
2022-01-24,3.0,1.2509999,-6.1990004,0.0,0.0
2022-01-25,0.0,4.051,-6.0490003,0.0,0.0
2022-01-26,1.0,5.751,-6.499,0.0,0.0
2022-01-27,73.0,5.7009997,-5.749,0.0,1.12
2022-01-28,73.0,2.851,-2.549,0.0,1.47
2022-01-29,3.0,5.401,-3.9989998,0.0,0.0
2022-01-30,53.0,5.601,-1.6489999,3.2999997,0.0
2022-01-31,75.0,2.551,-1.8989999,0.3,5.11
2022-02-01,73.0,2.301,-1.599,0.5,4.1300006
2022-02-02,61.0,4.101,2.251,9.7,0.0
2022-02-03,51.0,8.651,2.051,0.4,0.0
2022-02-04,51.0,8.151,0.451,0.4,0.0
2022-02-05,53.0,5.001,-1.9489999,1.9,0.0
2022-02-06,71.0,5.751,-1.4489999,4.3999996,0.35
2022-02-07,73.0,4.9509997,-2.349,6.3,2.7300003
2022-02-08,3.0,7.3009996,-1.9489999,0.0,0.0
2022-02-09,0.0,10.101,0.451,0.0,0.0
2022-02-10,53.0,11.801,2.651,0.7,0.0
2022-02-11,75.0,4.751,-2.149,13.900001,2.87
2022-02-12,1.0,4.001,-4.999,0.0,0.0
2022-02-13,1.0,8.301,-1.799,0.0,0.0
2022-02-14,51.0,9.101,-0.399,0.6,0.0
2022-02-15,73.0,4.301,-1.9489999,4.5999994,0.42000002
2022-02-16,55.0,8.151,-0.94899994,4.1,0.0
2022-02-17,63.0,9.851,6.0509996,10.900001,0.0
2022-02-18,63.0,15.301,4.2009997,5.2000003,0.0
2022-02-19,73.0,5.7009997,-0.29899997,4.8999996,0.63
2022-02-20,71.0,8.601,-0.048999995,0.1,0.07
2022-02-21,75.0,7.401,1.901,2.8999991,2.94
2022-02-22,71.0,6.7009997,1.701,0.5,0.07
2022-02-23,53.0,9.250999,0.801,2.0000002,0.0
2022-02-24,53.0,10.601,0.801,0.8,0.0
2022-02-25,73.0,3.851,-2.599,2.2000003,3.29
2022-02-26,75.0,2.551,-3.4989998,0.0,2.1000001
2022-02-27,0.0,4.651,-6.2990003,0.0,0.0
2022-02-28,0.0,4.901,-4.349,0.0,0.0
2022-03-01,1.0,4.851,-3.649,0.0,0.0
2022-03-02,3.0,7.101,-2.2489998,0.0,0.0
2022-03-03,2.0,8.551,-0.599,0.0,0.0
2022-03-04,0.0,5.3009996,-2.7489998,0.0,0.0
2022-03-05,0.0,3.601,-3.099,0.0,0.0
2022-03-06,3.0,2.401,-3.9490001,0.0,0.0
2022-03-07,2.0,3.151,-3.9490001,0.0,0.0
2022-03-08,1.0,4.651,-4.6990004,0.0,0.0
2022-03-09,1.0,7.9509997,-2.599,0.0,0.0
2022-03-10,0.0,11.201,-0.79899997,0.0,0.0
2022-03-11,2.0,11.601,-1.299,0.0,0.0
2022-03-12,3.0,11.601,1.1010001,0.0,0.0
2022-03-13,3.0,13.801,1.6010001,0.0,0.0
2022-03-14,51.0,11.201,3.851,0.2,0.0
2022-03-15,53.0,13.701,4.5509996,1.3,0.0
2022-03-16,2.0,13.951,4.8009996,0.0,0.0
2022-03-17,53.0,11.201,4.351,1.5,0.0
2022-03-18,51.0,10.551,2.701,1.0000001,0.0
2022-03-19,1.0,9.401,-0.048999995,0.0,0.0
2022-03-20,0.0,12.250999,0.551,0.0,0.0
2022-03-21,0.0,12.651,1.301,0.0,0.0
2022-03-22,0.0,12.451,0.201,0.0,0.0
2022-03-23,0.0,14.000999,2.001,0.0,0.0
2022-03-24,0.0,14.701,2.201,0.0,0.0
2022-03-25,0.0,14.901,2.701,0.0,0.0
2022-03-26,0.0,16.201,2.401,0.0,0.0
2022-03-27,0.0,16.201,1.2509999,0.0,0.0
2022-03-28,1.0,16.551,4.901,0.0,0.0
2022-03-29,3.0,15.851,6.251,0.0,0.0
2022-03-30,53.0,11.401,4.251,1.2,0.0
2022-03-31,61.0,10.201,2.851,9.799999,0.0
2022-04-01,75.0,3.2510002,-0.84900004,5.799999,14.349999
2022-04-02,75.0,-0.399,-3.149,0.0,11.409999
2022-04-03,73.0,0.75100005,-3.049,0.0,2.1
2022-04-04,3.0,5.851,-4.349,0.0,0.0
2022-04-05,51.0,10.151,2.851,0.1,0.0
2022-04-06,61.0,14.101,2.7510002,3.1999998,0.0
2022-04-07,61.0,13.551,6.151,9.1,0.0
2022-04-08,61.0,15.201,6.4509997,10.499999,0.0
2022-04-09,75.0,8.551,-0.09899998,7.9,5.250001
2022-04-10,75.0,6.8009996,-1.1489999,0.3,5.67
2022-04-11,2.0,13.151,-1.6489999,0.0,0.0
2022-04-12,3.0,18.401,3.2510002,0.0,0.0
2022-04-13,3.0,19.701,8.551,0.0,0.0
2022-04-14,51.0,18.601,10.000999,0.5,0.0
2022-04-15,51.0,16.001,8.451,0.5,0.0
2022-04-16,51.0,11.500999,3.0010002,0.1,0.0
2022-04-17,2.0,11.701,0.50100005,0.0,0.0
2022-04-18,0.0,13.151,1.401,0.0,0.0
2022-04-19,2.0,14.701,2.901,0.0,0.0
2022-04-20,1.0,13.201,4.051,0.0,0.0
2022-04-21,1.0,14.851,2.451,0.0,0.0
2022-04-22,2.0,14.351,3.801,0.0,0.0
2022-04-23,53.0,13.750999,6.151,0.9,0.0
2022-04-24,53.0,10.901,6.8009996,5.7,0.0
2022-04-25,63.0,12.500999,6.151,22.7,0.0
2022-04-26,73.0,10.901,3.7510002,10.1,0.35000002
2022-04-27,51.0,12.951,3.051,0.8000001,0.0
2022-04-28,1.0,15.801,3.601,0.0,0.0
2022-04-29,3.0,16.501,5.151,0.0,0.0
2022-04-30,61.0,12.500999,5.3009996,9.9000025,0.0
2022-05-01,51.0,12.451,6.0509996,1.0000001,0.0
2022-05-02,0.0,15.201,4.751,0.0,0.0
2022-05-03,53.0,16.601,6.651,3.0,0.0
2022-05-04,63.0,15.801,6.851,4.6999993,0.0
2022-05-05,61.0,15.500999,6.351,9.4,0.0
2022-05-06,61.0,12.551,8.701,14.900001,0.0
2022-05-07,55.0,14.451,9.601,3.6000001,0.0
2022-05-08,63.0,16.501,10.101,8.300001,0.0
2022-05-09,51.0,18.501,7.251,0.4,0.0
2022-05-10,51.0,21.451,8.901,1.0,0.0
2022-05-11,51.0,24.151,13.301,0.1,0.0
2022-05-12,55.0,24.351,14.451,1.2,0.0
2022-05-13,61.0,19.751,12.051,5.1000004,0.0
2022-05-14,61.0,20.151,12.250999,7.1,0.0
2022-05-15,1.0,23.401,12.601,0.0,0.0
2022-05-16,61.0,22.451,12.451,5.5,0.0
2022-05-17,51.0,21.301,10.701,0.4,0.0
2022-05-18,1.0,24.301,13.201,0.0,0.0
2022-05-19,51.0,27.501,13.351,0.90000004,0.0
2022-05-20,53.0,28.401,15.801,1.8,0.0
2022-05-21,61.0,21.301,14.601,11.499999,0.0
2022-05-22,2.0,21.951,12.601,0.0,0.0
2022-05-23,61.0,26.401,13.750999,6.9,0.0
2022-05-24,63.0,14.601,11.601,18.6,0.0
2022-05-25,61.0,17.351,10.701,4.4999995,0.0
2022-05-26,3.0,19.701,9.750999,0.0,0.0
2022-05-27,61.0,21.101,9.250999,3.3999999,0.0
2022-05-28,51.0,15.051,9.151,1.9000002,0.0
2022-05-29,63.0,13.101,7.151,5.7999997,0.0
2022-05-30,51.0,15.551,6.651,0.2,0.0
2022-05-31,63.0,18.901,8.301,19.400002,0.0
2022-06-01,61.0,19.501,10.851,4.0,0.0
2022-06-02,63.0,20.051,12.000999,9.7,0.0
2022-06-03,63.0,24.951,13.451,11.8,0.0
2022-06-04,3.0,24.251,13.351,0.0,0.0
2022-06-05,63.0,21.051,13.101,26.800001,0.0
2022-06-06,63.0,20.801,11.551,4.6000004,0.0
2022-06-07,63.0,18.001,12.101,21.9,0.0
2022-06-08,61.0,20.251,11.801,6.6,0.0
2022-06-09,63.0,14.551,9.000999,6.5999985,0.0
2022-06-10,2.0,18.151,7.851,0.0,0.0
2022-06-11,0.0,22.101,11.451,0.0,0.0
2022-06-12,61.0,25.251,13.801,2.6,0.0
2022-06-13,61.0,20.751,13.201,7.6999993,0.0
2022-06-14,1.0,22.301,11.750999,0.0,0.0
2022-06-15,51.0,27.101,13.951,0.4,0.0
2022-06-16,61.0,25.051,16.351,3.2999997,0.0
2022-06-17,1.0,24.201,14.250999,0.0,0.0
2022-06-18,1.0,28.151,16.201,0.0,0.0
2022-06-19,1.0,31.101,17.301,0.0,0.0
2022-06-20,63.0,27.701,18.301,9.9,0.0
2022-06-21,51.0,25.751,15.451,0.5,0.0
2022-06-22,63.0,21.001,15.551,9.6,0.0
2022-06-23,65.0,26.001,13.901,9.799999,0.0
2022-06-24,63.0,20.201,12.901,9.900001,0.0
2022-06-25,2.0,21.951,11.951,0.0,0.0
2022-06-26,55.0,25.601,15.951,1.8000001,0.0
2022-06-27,63.0,22.401,16.101,10.9,0.0
2022-06-28,65.0,20.551,14.500999,14.800001,0.0
2022-06-29,51.0,22.901,15.551,1.1000001,0.0
2022-06-30,61.0,24.651,15.701,3.1000001,0.0
2022-07-01,63.0,15.551,11.250999,21.0,0.0
2022-07-02,1.0,22.951,10.651,0.0,0.0
2022-07-03,63.0,25.701,13.851,7.7999997,0.0
2022-07-04,63.0,23.501,15.000999,15.3,0.0
2022-07-05,63.0,22.701,14.401,7.5,0.0
2022-07-06,51.0,22.001,13.000999,0.1,0.0
2022-07-07,61.0,20.251,11.250999,7.1999993,0.0
2022-07-08,55.0,18.951,11.851,4.2,0.0
2022-07-09,2.0,21.301,11.201,0.0,0.0
2022-07-10,53.0,20.551,13.701,1.5000001,0.0
2022-07-11,1.0,22.001,12.151,0.0,0.0
2022-07-12,1.0,22.651,12.601,0.0,0.0
2022-07-13,2.0,26.951,13.601,0.0,0.0
2022-07-14,51.0,29.751,18.201,0.1,0.0
2022-07-15,51.0,24.601,15.601,0.70000005,0.0
2022-07-16,1.0,23.651,14.250999,0.0,0.0
2022-07-17,0.0,25.401,15.701,0.0,0.0
2022-07-18,0.0,27.701,15.601,0.0,0.0
2022-07-19,1.0,30.201,16.751,0.0,0.0
2022-07-20,53.0,30.351,19.851,1.7,0.0
2022-07-21,63.0,23.701,17.301,5.2000003,0.0
2022-07-22,3.0,29.051,16.801,0.0,0.0
2022-07-23,63.0,23.501,16.401,14.1,0.0
2022-07-24,51.0,26.401,16.351,0.4,0.0
2022-07-25,53.0,30.751,19.001,1.8,0.0
2022-07-26,65.0,22.651,17.201,36.999992,0.0
2022-07-27,53.0,22.401,15.551,0.9000001,0.0
2022-07-28,53.0,24.601,14.801,0.8,0.0
2022-07-29,63.0,23.501,13.651,18.7,0.0
2022-07-30,51.0,22.901,14.051,0.4,0.0
2022-07-31,51.0,25.251,14.801,0.9000001,0.0
2022-08-01,63.0,26.301,16.251,8.6,0.0
2022-08-02,51.0,24.801,14.701,0.1,0.0
2022-08-03,1.0,27.451,17.001,0.0,0.0
2022-08-04,1.0,31.151,19.701,0.0,0.0
2022-08-05,55.0,27.551,18.551,2.6,0.0
2022-08-06,61.0,18.401,15.801,5.8999996,0.0
2022-08-07,51.0,19.751,13.951,0.4,0.0
2022-08-08,1.0,23.501,13.051,0.0,0.0
2022-08-09,0.0,23.901,14.101,0.0,0.0
2022-08-10,0.0,24.201,14.151,0.0,0.0
2022-08-11,2.0,23.651,13.201,0.0,0.0
2022-08-12,0.0,23.351,14.151,0.0,0.0
2022-08-13,1.0,24.401,12.651,0.0,0.0
2022-08-14,53.0,26.601,12.951,0.6,0.0
2022-08-15,53.0,23.601,14.301,2.1,0.0
2022-08-16,0.0,24.801,12.351,0.0,0.0
2022-08-17,3.0,24.551,15.250999,0.0,0.0
2022-08-18,65.0,20.351,14.201,61.599995,0.0
2022-08-19,63.0,16.501,14.601,51.2,0.0
2022-08-20,63.0,20.101,14.351,8.400001,0.0
2022-08-21,51.0,21.701,11.851,0.8000001,0.0
2022-08-22,51.0,22.001,13.651,0.2,0.0
2022-08-23,0.0,23.151,12.301,0.0,0.0
2022-08-24,1.0,23.901,13.201,0.0,0.0
2022-08-25,51.0,24.351,13.351,0.2,0.0
2022-08-26,55.0,25.051,15.750999,2.2,0.0
2022-08-27,53.0,20.501,13.951,2.0,0.0
2022-08-28,51.0,21.651,12.801,0.8,0.0
2022-08-29,51.0,23.251,13.151,0.3,0.0
2022-08-30,61.0,24.251,14.451,2.2,0.0
2022-08-31,63.0,18.701,12.250999,16.800001,0.0
2022-09-01,51.0,19.251,12.250999,0.8000001,0.0
2022-09-02,61.0,21.101,10.651,1.4,0.0
2022-09-03,63.0,20.901,12.851,6.8,0.0
2022-09-04,2.0,21.401,11.750999,0.0,0.0
2022-09-05,51.0,23.351,13.901,0.2,0.0
2022-09-06,53.0,22.801,15.000999,3.4999998,0.0
2022-09-07,63.0,23.351,14.951,3.1000001,0.0
2022-09-08,63.0,19.801,13.201,21.800001,0.0
2022-09-09,55.0,19.251,11.701,1.8000002,0.0
2022-09-10,61.0,16.651,11.500999,6.4,0.0
2022-09-11,63.0,17.501,10.451,6.4999995,0.0
2022-09-12,1.0,19.801,8.500999,0.0,0.0
2022-09-13,3.0,23.501,13.000999,0.0,0.0
2022-09-14,63.0,22.451,15.201,8.499999,0.0
2022-09-15,61.0,20.101,13.701,7.4,0.0
2022-09-16,63.0,16.101,8.651,11.799999,0.0
2022-09-17,61.0,9.151,6.501,12.7,0.0
2022-09-18,51.0,13.301,6.751,0.70000005,0.0
2022-09-19,53.0,12.500999,6.251,2.0,0.0
2022-09-20,51.0,12.201,5.501,0.70000005,0.0
2022-09-21,1.0,14.250999,4.651,0.0,0.0
2022-09-22,1.0,14.201,4.501,0.0,0.0
2022-09-23,51.0,18.151,6.151,0.3,0.0
2022-09-24,55.0,13.901,8.301,5.5999994,0.0
2022-09-25,63.0,13.951,7.0509996,14.6,0.0
2022-09-26,63.0,13.851,6.251,3.5,0.0
2022-09-27,63.0,11.250999,7.4509997,18.000002,0.0
2022-09-28,63.0,10.051,7.101,31.600002,0.0
2022-09-29,53.0,9.201,6.651,8.800001,0.0
2022-09-30,53.0,11.000999,5.4509997,2.1,0.0
2022-10-01,61.0,11.151,5.351,17.699999,0.0
2022-10-02,63.0,17.301,11.401,16.800003,0.0
2022-10-03,63.0,13.551,7.601,7.6999993,0.0
2022-10-04,3.0,14.500999,6.101,0.0,0.0
2022-10-05,1.0,20.801,9.151,0.0,0.0
2022-10-06,51.0,17.301,10.701,0.2,0.0
2022-10-07,3.0,17.251,8.201,0.0,0.0
2022-10-08,53.0,15.801,10.901,4.3999996,0.0
2022-10-09,53.0,12.500999,8.001,1.8,0.0
2022-10-10,63.0,17.301,8.051,9.0,0.0
2022-10-11,53.0,16.351,8.551,1.3,0.0
2022-10-12,51.0,15.601,9.051,0.1,0.0
2022-10-13,61.0,15.301,8.051,6.6,0.0
2022-10-14,61.0,15.451,10.451,10.500001,0.0
2022-10-15,63.0,18.051,12.401,7.7999997,0.0
2022-10-16,51.0,21.601,11.901,0.1,0.0
2022-10-17,1.0,20.251,8.351,0.0,0.0
2022-10-18,53.0,19.701,11.701,0.8,0.0
2022-10-19,2.0,16.501,9.851,0.0,0.0
2022-10-20,3.0,18.351,9.801,0.0,0.0
2022-10-21,63.0,15.201,12.451,6.2,0.0
2022-10-22,63.0,17.401,9.500999,14.1,0.0
2022-10-23,61.0,22.101,8.701,4.1,0.0
2022-10-24,63.0,15.250999,10.851,9.100001,0.0
2022-10-25,53.0,17.001,9.201,1.6,0.0
2022-10-26,63.0,19.151,11.301,7.1,0.0
2022-10-27,1.0,18.951,8.401,0.0,0.0
2022-10-28,3.0,22.501,11.101,0.0,0.0
2022-10-29,2.0,23.101,12.101,0.0,0.0
2022-10-30,1.0,20.301,11.201,0.0,0.0
2022-10-31,3.0,16.651,7.9509997,0.0,0.0
2022-11-01,51.0,15.851,7.3009996,0.5,0.0
2022-11-02,51.0,11.750999,5.851,0.8000001,0.0
2022-11-03,61.0,12.301,4.5509996,2.9,0.0
2022-11-04,61.0,10.000999,4.4509997,4.5999994,0.0
2022-11-05,53.0,7.101,1.7509999,3.3999996,0.0
2022-11-06,3.0,9.651,0.551,0.0,0.0
2022-11-07,3.0,13.851,4.5509996,0.0,0.0
2022-11-08,3.0,15.201,3.7510002,0.0,0.0
2022-11-09,61.0,13.301,5.751,5.0,0.0
2022-11-10,55.0,10.701,4.601,2.8999999,0.0
2022-11-11,3.0,10.951,3.7510002,0.0,0.0
2022-11-12,3.0,10.651,4.301,0.0,0.0
2022-11-13,3.0,7.601,3.401,0.0,0.0
2022-11-14,61.0,12.301,3.351,4.4,0.0
2022-11-15,3.0,11.101,2.901,0.0,0.0
2022-11-16,55.0,11.451,5.651,3.1999998,0.0
2022-11-17,61.0,12.801,5.601,6.5,0.0
2022-11-18,75.0,7.751,2.101,18.800001,3.29
2022-11-19,51.0,7.251,1.5510001,1.6000001,0.0
2022-11-20,73.0,6.3009996,1.301,3.1,0.56
2022-11-21,75.0,6.851,2.551,2.8999999,3.78
2022-11-22,71.0,5.151,2.451,4.8999996,0.14
2022-11-23,73.0,8.051,-1.1489999,1.5000001,0.35
2022-11-24,75.0,7.251,0.851,3.2,3.0099998
2022-11-25,61.0,9.551,1.2509999,5.6,0.0
2022-11-26,71.0,6.001,-0.84900004,1.1,0.07
2022-11-27,3.0,5.351,-1.2490001,0.0,0.0
2022-11-28,53.0,8.051,2.251,2.2,0.0
2022-11-29,55.0,5.101,4.2009997,14.299999,0.0
2022-11-30,53.0,4.001,1.5510001,3.3,0.0
2022-12-01,51.0,2.001,1.2509999,1.0000001,0.0
2022-12-02,51.0,2.551,-2.349,0.2,0.0
2022-12-03,3.0,2.151,-2.949,0.0,0.0
2022-12-04,53.0,1.651,-1.1489999,1.1,0.0
2022-12-05,51.0,3.5010002,-1.8989999,1.6000003,0.0
2022-12-06,3.0,4.301,-2.549,0.0,0.0
2022-12-07,71.0,1.8010001,-0.94899994,0.2,0.35
2022-12-08,3.0,1.951,-3.349,0.0,0.0
2022-12-09,73.0,1.0009999,-0.84900004,0.0,1.1200001
2022-12-10,73.0,0.25100002,-2.899,0.0,5.810001
2022-12-11,71.0,-2.399,-13.649,0.0,0.42
2022-12-12,3.0,-3.9989998,-13.349,0.0,0.0
2022-12-13,71.0,-2.199,-14.049,0.0,0.97999996
2022-12-14,71.0,5.0509996,-3.899,9.400002,0.35
2022-12-15,73.0,2.601,-0.649,6.4,0.63
2022-12-16,73.0,-0.449,-2.899,0.0,4.6200004
2022-12-17,3.0,-1.099,-6.749,0.0,0.0
2022-12-18,3.0,0.75100005,-5.6990004,0.0,0.0
2022-12-19,3.0,7.5509996,-1.349,0.0,0.0
2022-12-20,3.0,8.251,0.75100005,0.0,0.0
2022-12-21,53.0,9.301,2.801,1.5000001,0.0
2022-12-22,63.0,10.651,3.0010002,6.9999995,0.0
2022-12-23,63.0,10.301,6.4509997,25.100002,0.0
2022-12-24,61.0,8.951,6.401,10.600001,0.0
2022-12-25,53.0,11.901,4.7009997,0.90000004,0.0
2022-12-26,63.0,10.601,5.751,14.599999,0.0
2022-12-27,53.0,6.501,0.201,2.3000002,0.0
2022-12-28,3.0,8.401,-0.69899994,0.0,0.0
2022-12-29,55.0,11.701,2.901,2.3,0.0
2022-12-30,61.0,9.401,1.901,7.4,0.0
2022-12-31,51.0,15.451,7.101,0.4,0.0
2023-01-01,1.0,15.201,8.101,0.0,0.0
2023-01-02,3.0,13.500999,7.7009997,0.0,0.0
2023-01-03,53.0,7.9509997,2.101,3.5999997,0.0
2023-01-04,51.0,9.201,1.5510001,0.3,0.0
2023-01-05,53.0,9.651,3.551,2.0,0.0
2023-01-06,3.0,9.401,1.7509999,0.0,0.0
2023-01-07,2.0,7.2009997,0.351,0.0,0.0
2023-01-08,53.0,6.151,2.451,1.1,0.0
2023-01-09,73.0,6.901,1.8510001,11.800001,2.8
2023-01-10,75.0,4.2009997,0.051,0.20000002,1.54
2023-01-11,61.0,9.651,3.401,6.1,0.0
2023-01-12,3.0,7.4509997,1.201,0.0,0.0
2023-01-13,75.0,8.801,2.551,7.399999,2.1
2023-01-14,71.0,8.101,1.651,0.8,0.07
2023-01-15,75.0,7.901,-1.549,5.2,3.29
2023-01-16,73.0,5.151,-3.4989998,0.0,1.2600001
2023-01-17,73.0,1.5510001,-3.6990001,0.0,0.49
2023-01-18,73.0,1.401,-2.899,0.099999994,3.22
2023-01-19,71.0,-0.29899997,-5.399,0.0,0.14
2023-01-20,73.0,-0.69899994,-5.4490004,0.0,0.84
2023-01-21,73.0,-3.049,-5.849,0.0,3.4299998
2023-01-22,73.0,-1.4990001,-5.399,0.0,2.3100004
2023-01-23,3.0,-1.4990001,-5.099,0.0,0.0
2023-01-24,2.0,2.051,-5.9490004,0.0,0.0
2023-01-25,3.0,0.601,-4.749,0.0,0.0
2023-01-26,71.0,-1.2490001,-2.4989998,0.0,0.21000001
2023-01-27,73.0,-0.899,-3.199,0.0,1.1899999
2023-01-28,71.0,-0.79899997,-4.7990003,0.0,0.48999998
2023-01-29,3.0,-0.199,-9.549,0.0,0.0
2023-01-30,73.0,2.651,-9.749001,0.0,1.05
2023-01-31,3.0,4.7009997,-2.4989998,0.0,0.0
2023-02-01,73.0,4.051,1.1010001,0.3,0.77
2023-02-02,71.0,3.7510002,1.301,1.2,0.07
2023-02-03,73.0,6.351,1.8510001,1.9999999,0.63
2023-02-04,53.0,4.2009997,1.401,5.399999,0.0
2023-02-05,75.0,3.301,-2.299,0.3,4.7599998
2023-02-06,71.0,1.2509999,-3.399,0.0,0.28
2023-02-07,0.0,2.001,-5.099,0.0,0.0
2023-02-08,1.0,0.701,-5.7990003,0.0,0.0
2023-02-09,0.0,3.301,-6.5490003,0.0,0.0
2023-02-10,1.0,3.601,-3.2489998,0.0,0.0
2023-02-11,2.0,5.501,-2.049,0.0,0.0
2023-02-12,0.0,7.901,-1.549,0.0,0.0
2023-02-13,1.0,6.751,-1.1989999,0.0,0.0
2023-02-14,0.0,9.101,0.10100001,0.0,0.0
2023-02-15,1.0,10.451,-1.299,0.0,0.0
2023-02-16,3.0,10.701,0.051,0.0,0.0
2023-02-17,3.0,12.000999,5.4509997,0.0,0.0
2023-02-18,51.0,13.601,3.901,0.1,0.0
2023-02-19,51.0,8.601,4.601,1.6000001,0.0
2023-02-20,2.0,12.651,2.251,0.0,0.0
2023-02-21,1.0,11.951,2.451,0.0,0.0
2023-02-22,51.0,10.451,2.401,0.8,0.0
2023-02-23,51.0,10.701,3.601,1.3000002,0.0
2023-02-24,63.0,11.201,2.201,7.0,0.0
2023-02-25,75.0,5.601,-1.8989999,6.399999,5.9500003
2023-02-26,73.0,-0.69899994,-4.599,0.0,2.8000004
2023-02-27,71.0,0.051,-3.549,0.0,0.7
2023-02-28,3.0,1.901,-4.6990004,0.0,0.0
2023-03-01,3.0,2.851,-4.649,0.0,0.0
2023-03-02,3.0,3.151,-3.7489998,0.0,0.0
2023-03-03,3.0,5.4509997,-2.649,0.0,0.0
2023-03-04,51.0,6.001,-0.649,0.4,0.0
2023-03-05,3.0,4.351,-1.299,0.0,0.0
2023-03-06,3.0,3.601,-2.199,0.0,0.0
2023-03-07,71.0,6.601,-0.499,0.1,0.07
2023-03-08,71.0,9.901,0.95100003,6.2000003,0.07
2023-03-09,61.0,11.901,5.4509997,7.799999,0.0
2023-03-10,73.0,9.750999,2.001,11.000001,0.56
2023-03-11,75.0,3.051,-0.599,0.8000001,4.7600007
2023-03-12,73.0,7.901,1.7509999,4.2,1.33
2023-03-13,3.0,17.701,4.501,0.0,0.0
2023-03-14,73.0,10.701,2.351,17.8,1.33
2023-03-15,73.0,6.3009996,-1.2490001,0.5,1.19
2023-03-16,2.0,10.000999,-2.599,0.0,0.0
2023-03-17,1.0,13.750999,2.251,0.0,0.0
2023-03-18,3.0,14.901,5.9509997,0.0,0.0
2023-03-19,61.0,13.601,6.2009997,5.8,0.0
2023-03-20,51.0,10.801,4.301,0.70000005,0.0
2023-03-21,3.0,13.451,3.351,0.0,0.0
2023-03-22,3.0,16.001,5.8009996,0.0,0.0
2023-03-23,53.0,16.351,8.651,1.1,0.0
2023-03-24,63.0,13.651,7.251,14.500001,0.0
2023-03-25,73.0,9.801,4.601,4.7999997,0.42000002
2023-03-26,73.0,8.951,2.301,9.600002,1.05
2023-03-27,75.0,3.5010002,-0.34899998,4.4999995,6.23
2023-03-28,73.0,6.251,-0.749,0.0,1.8200002
2023-03-29,73.0,13.351,4.051,2.5,0.56
2023-03-30,63.0,12.301,7.651,8.5,0.0
2023-03-31,63.0,13.851,5.901,11.9,0.0
2023-04-01,71.0,9.601,4.5509996,4.5,0.28
2023-04-02,73.0,9.951,2.101,7.3,0.84000003
2023-04-03,73.0,4.051,-0.499,1.6000001,1.12
2023-04-04,3.0,4.7009997,-2.9989998,0.0,0.0
2023-04-05,3.0,5.651,-2.699,0.0,0.0
2023-04-06,51.0,9.851,-1.9489999,0.1,0.0
2023-04-07,61.0,8.851,3.651,4.7,0.0
2023-04-08,53.0,7.401,3.601,6.0,0.0
2023-04-09,1.0,10.151,-0.14899999,0.0,0.0
2023-04-10,3.0,13.701,0.701,0.0,0.0
2023-04-11,63.0,9.951,5.351,10.7,0.0
2023-04-12,63.0,13.951,5.2009997,15.2,0.0
2023-04-13,75.0,7.0509996,2.401,5.7,2.59
2023-04-14,73.0,9.351,1.701,2.2000003,2.31
2023-04-15,61.0,9.250999,1.6010001,5.7000003,0.0
2023-04-16,61.0,6.251,3.051,23.300001,0.0
2023-04-17,61.0,10.201,4.4509997,7.599999,0.0
2023-04-18,51.0,13.301,4.101,0.1,0.0
2023-04-19,61.0,10.651,3.301,8.299999,0.0
2023-04-20,73.0,5.4509997,2.151,21.100004,1.26
2023-04-21,71.0,15.401,1.951,10.6,0.07
2023-04-22,51.0,18.001,6.2009997,0.3,0.0
2023-04-23,63.0,15.750999,8.401,19.599998,0.0
2023-04-24,61.0,10.401,4.901,6.2999997,0.0
2023-04-25,75.0,7.751,2.601,11.6,2.38
2023-04-26,71.0,10.601,2.151,1.6000001,0.07
2023-04-27,51.0,13.901,6.101,0.70000005,0.0
2023-04-28,63.0,15.651,9.401,53.300003,0.0
2023-04-29,63.0,16.951,8.851,11.5,0.0
2023-04-30,63.0,15.701,8.701,6.7999997,0.0
2023-05-01,63.0,11.551,8.051,13.1,0.0
2023-05-02,61.0,13.051,6.101,4.1999993,0.0
2023-05-03,3.0,15.701,5.3009996,0.0,0.0
2023-05-04,1.0,19.201,6.351,0.0,0.0
2023-05-05,63.0,19.951,10.301,16.0,0.0
2023-05-06,53.0,19.151,9.701,2.1000001,0.0
2023-05-07,63.0,19.451,10.551,10.199999,0.0
2023-05-08,63.0,15.151,9.651,7.6,0.0
2023-05-09,63.0,18.301,8.901,13.300001,0.0
2023-05-10,63.0,12.051,8.051,10.099998,0.0
2023-05-11,61.0,10.500999,7.3009996,12.100002,0.0
2023-05-12,51.0,14.000999,7.7009997,1.5000001,0.0
2023-05-13,61.0,12.151,7.3009996,4.3999996,0.0
2023-05-14,63.0,12.000999,6.651,14.900002,0.0
2023-05-15,63.0,14.851,7.401,18.800001,0.0
2023-05-16,63.0,11.051,6.601,35.5,0.0
2023-05-17,61.0,10.051,5.851,5.299999,0.0
2023-05-18,3.0,12.951,5.0509996,0.0,0.0
2023-05-19,51.0,13.401,6.151,0.4,0.0
2023-05-20,51.0,17.151,6.651,0.1,0.0
2023-05-21,2.0,20.651,9.250999,0.0,0.0
2023-05-22,51.0,22.701,11.351,0.3,0.0
2023-05-23,63.0,18.951,12.601,15.499999,0.0
2023-05-24,61.0,12.801,9.451,11.0,0.0
2023-05-25,55.0,18.551,7.501,1.3000001,0.0
2023-05-26,51.0,20.651,10.601,0.6,0.0
2023-05-27,51.0,20.751,10.301,0.3,0.0
2023-05-28,0.0,20.551,9.301,0.0,0.0
2023-05-29,51.0,21.601,9.801,0.2,0.0
2023-05-30,51.0,20.251,10.351,0.4,0.0
2023-05-31,51.0,22.201,10.301,0.3,0.0
2023-06-01,51.0,21.401,12.101,0.3,0.0
2023-06-02,1.0,22.851,12.451,0.0,0.0
2023-06-03,0.0,22.151,11.951,0.0,0.0
2023-06-04,51.0,22.251,12.351,0.2,0.0
2023-06-05,51.0,20.451,11.901,0.8,0.0
2023-06-06,51.0,21.401,11.250999,0.1,0.0
2023-06-07,0.0,22.551,11.651,0.0,0.0
2023-06-08,55.0,23.051,13.451,2.0,0.0
2023-06-09,1.0,24.501,12.500999,0.0,0.0
2023-06-10,51.0,23.901,12.951,0.70000005,0.0
2023-06-11,51.0,23.701,14.051,0.3,0.0
2023-06-12,51.0,23.901,13.651,0.1,0.0
2023-06-13,0.0,23.001,12.351,0.0,0.0
2023-06-14,2.0,24.951,10.801,0.0,0.0
2023-06-15,1.0,23.501,13.051,0.0,0.0
2023-06-16,51.0,22.751,11.051,0.3,0.0
2023-06-17,1.0,24.451,12.500999,0.0,0.0
2023-06-18,2.0,27.501,13.901,0.0,0.0
2023-06-19,63.0,26.201,16.501,16.800001,0.0
2023-06-20,63.0,29.501,17.301,4.2,0.0
2023-06-21,51.0,26.801,17.701,0.3,0.0
2023-06-22,63.0,29.801,17.051,12.200001,0.0
2023-06-23,63.0,21.601,15.101,8.500001,0.0
2023-06-24,1.0,23.001,13.750999,0.0,0.0
2023-06-25,0.0,25.851,13.851,0.0,0.0
2023-06-26,53.0,28.251,15.750999,1.2,0.0
2023-06-27,51.0,22.851,14.701,1.5,0.0
2023-06-28,3.0,21.401,14.351,0.0,0.0
2023-06-29,51.0,26.451,13.451,0.5,0.0
2023-06-30,63.0,21.551,14.951,20.1,0.0
2023-07-01,61.0,22.201,14.101,5.7,0.0
2023-07-02,53.0,20.701,15.051,2.5999994,0.0
2023-07-03,51.0,21.251,14.701,0.1,0.0
2023-07-04,63.0,21.451,13.750999,11.100002,0.0
2023-07-05,63.0,20.101,13.000999,5.0999994,0.0
2023-07-06,53.0,21.601,12.101,1.8,0.0
2023-07-07,1.0,26.151,11.750999,0.0,0.0
2023-07-08,1.0,26.201,15.201,0.0,0.0
2023-07-09,1.0,29.751,17.501,0.0,0.0
2023-07-10,51.0,28.451,20.051,0.3,0.0
2023-07-11,61.0,31.801,17.551,3.5,0.0
2023-07-12,63.0,24.401,17.501,18.2,0.0
2023-07-13,61.0,21.601,14.500999,7.3,0.0
2023-07-14,1.0,24.951,14.000999,0.0,0.0
2023-07-15,63.0,32.301003,17.901,5.5,0.0
2023-07-16,53.0,21.251,16.551,2.1000001,0.0
2023-07-17,61.0,24.001,17.501,5.5999994,0.0
2023-07-18,63.0,24.751,16.051,15.0,0.0
2023-07-19,65.0,25.451,15.750999,29.400003,0.0
2023-07-20,53.0,22.301,15.151,3.1000001,0.0
2023-07-21,65.0,20.901,13.901,20.0,0.0
2023-07-22,61.0,21.351,12.051,2.0,0.0
2023-07-23,1.0,25.401,13.750999,0.0,0.0
2023-07-24,63.0,20.451,15.151,6.2,0.0
2023-07-25,61.0,19.251,11.701,7.299999,0.0
2023-07-26,63.0,15.101,10.000999,22.300003,0.0
2023-07-27,51.0,21.301,9.651,0.1,0.0
2023-07-28,55.0,24.051,15.401,3.5000002,0.0
2023-07-29,63.0,24.001,15.301,22.900003,0.0
2023-07-30,63.0,21.201,14.401,8.099999,0.0
2023-07-31,3.0,22.151,12.901,0.0,0.0
2023-08-01,63.0,19.951,13.601,10.900001,0.0
2023-08-02,61.0,26.251,12.401,5.3999996,0.0
2023-08-03,53.0,20.551,13.551,1.7,0.0
2023-08-04,63.0,18.651,12.451,10.0,0.0
2023-08-05,63.0,17.851,12.551,16.5,0.0
2023-08-06,63.0,14.551,9.901,12.2,0.0
2023-08-07,61.0,14.801,9.101,4.9999995,0.0
2023-08-08,3.0,19.501,8.551,0.0,0.0
2023-08-09,51.0,20.651,13.250999,1.4000001,0.0
2023-08-10,51.0,21.851,12.951,0.4,0.0
2023-08-11,1.0,25.901,15.051,0.0,0.0
2023-08-12,61.0,26.401,17.701,1.9,0.0
2023-08-13,51.0,26.401,17.301,0.1,0.0
2023-08-14,3.0,27.901,18.051,0.0,0.0
2023-08-15,53.0,26.451,18.701,1.6,0.0
2023-08-16,1.0,27.301,17.101,0.0,0.0
2023-08-17,53.0,24.951,16.951,1.7,0.0
2023-08-18,1.0,27.151,14.750999,0.0,0.0
2023-08-19,1.0,29.151,16.851,0.0,0.0
2023-08-20,0.0,29.501,18.701,0.0,0.0
2023-08-21,0.0,29.451,19.551,0.0,0.0
2023-08-22,1.0,28.751,20.401,0.0,0.0
2023-08-23,51.0,27.701,19.001,1.1000001,0.0
2023-08-24,51.0,30.301,18.201,0.4,0.0
2023-08-25,63.0,30.001,18.851,9.9,0.0
2023-08-26,65.0,21.251,14.901,27.900002,0.0
2023-08-27,63.0,16.251,13.351,40.500008,0.0
2023-08-28,63.0,12.801,10.551,67.6,0.0
2023-08-29,61.0,11.701,9.851,26.900002,0.0
2023-08-30,51.0,16.651,9.201,0.4,0.0
2023-08-31,61.0,16.751,10.500999,4.2999997,0.0
2023-09-01,53.0,22.351,13.051,0.8000001,0.0
2023-09-02,1.0,23.051,13.901,0.0,0.0
2023-09-03,1.0,22.651,14.101,0.0,0.0
2023-09-04,1.0,24.851,14.101,0.0,0.0
2023-09-05,1.0,23.151,14.101,0.0,0.0
2023-09-06,1.0,23.101,13.201,0.0,0.0
2023-09-07,0.0,24.401,14.451,0.0,0.0
2023-09-08,1.0,25.101,15.801,0.0,0.0
2023-09-09,0.0,25.701,16.951,0.0,0.0
2023-09-10,51.0,25.851,17.201,0.2,0.0
2023-09-11,1.0,25.901,16.651,0.0,0.0
2023-09-12,2.0,25.601,16.651,0.0,0.0
2023-09-13,61.0,19.851,14.701,6.7000003,0.0
2023-09-14,51.0,19.501,13.151,3.8999994,0.0
2023-09-15,51.0,20.201,12.500999,0.2,0.0
2023-09-16,3.0,23.451,13.101,0.0,0.0
2023-09-17,2.0,24.851,14.601,0.0,0.0
2023-09-18,63.0,20.401,14.250999,9.300001,0.0
2023-09-19,51.0,19.601,12.701,0.4,0.0
2023-09-20,2.0,20.801,11.301,0.0,0.0
2023-09-21,63.0,21.501,14.000999,5.6000004,0.0
2023-09-22,63.0,13.851,10.551,31.1,0.0
2023-09-23,53.0,13.351,8.851,2.5999997,0.0
2023-09-24,2.0,16.251,8.051,0.0,0.0
2023-09-25,0.0,17.101,7.151,0.0,0.0
2023-09-26,0.0,18.601,8.500999,0.0,0.0
2023-09-27,1.0,19.601,10.051,0.0,0.0
2023-09-28,3.0,21.551,11.601,0.0,0.0
2023-09-29,51.0,23.151,12.851,0.1,0.0
2023-09-30,51.0,18.151,11.551,0.5,0.0
2023-10-01,1.0,20.101,10.201,0.0,0.0
2023-10-02,1.0,21.601,12.000999,0.0,0.0
2023-10-03,61.0,24.451,13.451,4.9,0.0
2023-10-04,3.0,15.901,8.801,0.0,0.0
2023-10-05,3.0,16.501,8.750999,0.0,0.0
2023-10-06,1.0,17.401,8.801,0.0,0.0
2023-10-07,3.0,19.901,8.551,0.0,0.0
2023-10-08,1.0,22.601,12.500999,0.0,0.0
2023-10-09,3.0,24.151,13.101,0.0,0.0
2023-10-10,2.0,21.451,13.101,0.0,0.0
2023-10-11,0.0,22.151,12.601,0.0,0.0
2023-10-12,2.0,23.501,15.250999,0.0,0.0
2023-10-13,1.0,23.401,13.000999,0.0,0.0
2023-10-14,63.0,18.651,9.201,16.900002,0.0
2023-10-15,61.0,9.801,4.751,6.799999,0.0
2023-10-16,2.0,10.451,3.851,0.0,0.0
2023-10-17,1.0,11.601,2.7510002,0.0,0.0
2023-10-18,63.0,14.701,6.0509996,5.7999997,0.0
2023-10-19,63.0,15.601,8.451,5.2,0.0
2023-10-20,63.0,16.151001,8.651,24.900002,0.0
2023-10-21,63.0,13.651,8.301,7.1999993,0.0
2023-10-22,51.0,14.201,6.401,0.2,0.0
2023-10-23,3.0,16.301,4.9509997,0.0,0.0
2023-10-24,61.0,12.151,8.401,13.500002,0.0
2023-10-25,63.0,17.051,6.851,6.9999995,0.0
2023-10-26,61.0,15.301,9.051,13.6,0.0
2023-10-27,63.0,12.401,7.251,12.500002,0.0
2023-10-28,51.0,13.951,4.851,0.70000005,0.0
2023-10-29,3.0,18.001,8.601,0.0,0.0
2023-10-30,63.0,16.901,7.4509997,18.8,0.0
2023-10-31,61.0,10.451,5.7009997,6.2,0.0
2023-11-01,51.0,13.401,3.951,0.2,0.0
2023-11-02,63.0,10.151,4.851,16.300001,0.0
2023-11-03,53.0,6.151,0.50100005,3.3,0.0
2023-11-04,61.0,9.601,-0.79899997,6.9,0.0
2023-11-05,61.0,11.301,4.9509997,2.1999998,0.0
2023-11-06,63.0,11.201,2.801,6.7000003,0.0
2023-11-07,55.0,9.551,2.351,3.0,0.0
2023-11-08,1.0,10.201,0.301,0.0,0.0
2023-11-09,51.0,9.951,0.351,0.6,0.0
